,best_epoch,best_test_loss,datasetname,model,n_normflows,percent,test_error_rate,test_measures
0,371.0,9.07039851768,boston,mixture,1,0.25,7.83272457123,best_val_loss
1,326.0,3977.90720352,boston,mixture,2,0.25,7.29037714005,best_val_loss
2,360.0,296.463343826,boston,mixture,3,0.25,7.88134241104,best_val_loss
3,210.0,201.808191636,boston,mixture,4,0.25,55.9091796875,best_val_loss
4,131.0,1113.29758349,boston,mixture,8,0.25,107.557167053,best_val_loss
5,119.0,927.082892923,boston,mixture,20,0.25,148.187637329,best_val_loss
6,554.0,3.26118349562,boston,mixture,1,0.5,11.9419546127,best_val_loss
7,255.0,9.9556796504,boston,mixture,2,0.5,14.1348266602,best_val_loss
8,214.0,3217.12430363,boston,mixture,3,0.5,14.3514509201,best_val_loss
9,708.0,4.27249354942,boston,mixture,4,0.5,7.8942065239,best_val_loss
10,233.0,495.035953896,boston,mixture,8,0.5,10.2722606659,best_val_loss
11,12.0,467.841538373,boston,mixture,20,0.5,156.19720459,best_val_loss
12,317.0,2.66356449501,boston,mixture,1,1.0,5.25440883636,best_val_loss
13,359.0,1.98132698209,boston,mixture,2,1.0,5.6435713768,best_val_loss
14,156.0,27.3184314803,boston,mixture,3,1.0,8.77149486542,best_val_loss
15,154.0,125.563548967,boston,mixture,4,1.0,11.2282152176,best_val_loss
16,167.0,16.1710483327,boston,mixture,8,1.0,16.4445762634,best_val_loss
17,122.0,247.887800628,boston,mixture,20,1.0,134.386184692,best_val_loss
18,304.0,12.4023401597,boston,baseline,1,0.25,9.68968200684,best_val_loss
19,337.0,9.93974124684,boston,baseline,2,0.25,10.77455616,best_val_loss
20,312.0,4.05985035616,boston,baseline,3,0.25,7.59688186646,best_val_loss
21,507.0,2.94370494169,boston,baseline,4,0.25,11.6961755753,best_val_loss
22,350.0,33.330895667,boston,baseline,8,0.25,7.94199132919,best_val_loss
23,665.0,2.38246065028,boston,baseline,20,0.25,7.13748216629,best_val_loss
24,462.0,3.09844776228,boston,baseline,1,0.5,6.80375480652,best_val_loss
25,375.0,3.34849219229,boston,baseline,2,0.5,6.90466737747,best_val_loss
26,829.0,3.24410950904,boston,baseline,3,0.5,7.86482715607,best_val_loss
27,339.0,2.99213125191,boston,baseline,4,0.5,12.2920284271,best_val_loss
28,420.0,20.256920908,boston,baseline,8,0.5,7.91799926758,best_val_loss
29,455.0,2.74785883286,boston,baseline,20,0.5,4.3215970993,best_val_loss
30,168.0,3.17563763787,boston,baseline,1,1.0,10.4104061127,best_val_loss
31,337.0,3.52150337369,boston,baseline,2,1.0,3.80888676643,best_val_loss
32,274.0,6.23915444168,boston,baseline,3,1.0,7.66198968887,best_val_loss
33,500.0,2.65911461325,boston,baseline,4,1.0,12.1762552261,best_val_loss
34,754.0,2.63965920841,boston,baseline,8,1.0,9.51027965546,best_val_loss
35,228.0,3.50146820966,boston,baseline,20,1.0,7.29279279709,best_val_loss
36,315.0,8.3451645795,boston,planarflowdet,1,0.25,15.0125350952,best_val_loss
37,360.0,6.84870521695,boston,planarflowdet,2,0.25,33.1362838745,best_val_loss
38,758.0,42.6099679984,boston,planarflowdet,3,0.25,123.577964783,best_val_loss
39,85.0,6975.66837086,boston,planarflowdet,4,0.25,861.595275879,best_val_loss
40,176.0,25482.4340533,boston,planarflowdet,8,0.25,1561.38000488,best_val_loss
41,975.0,83953.3085938,boston,planarflowdet,20,0.25,3859.98339844,best_val_loss
42,549.0,5.50234267291,boston,planarflowdet,1,0.5,20.1661529541,best_val_loss
43,608.0,4.0214472752,boston,planarflowdet,2,0.5,29.551612854,best_val_loss
44,1151.0,114.515849095,boston,planarflowdet,3,0.5,38.8910255432,best_val_loss
45,472.0,8.35274610332,boston,planarflowdet,4,0.5,61.5611724854,best_val_loss
46,708.0,16.0593127082,boston,planarflowdet,8,0.5,112.662635803,best_val_loss
47,755.0,49.008368997,boston,planarflowdet,20,0.5,62.8533210754,best_val_loss
48,450.0,2.10434633143,boston,planarflowdet,1,1.0,3.98876667023,best_val_loss
49,731.0,3.32480456782,boston,planarflowdet,2,1.0,37.3707618713,best_val_loss
50,293.0,6.41870925006,boston,planarflowdet,3,1.0,33.6698265076,best_val_loss
51,422.0,24.8199229521,boston,planarflowdet,4,1.0,12.5454063416,best_val_loss
52,592.0,5.88857104732,boston,planarflowdet,8,1.0,69.1343307495,best_val_loss
53,474.0,14.8608027439,boston,planarflowdet,20,1.0,725.891235352,best_val_loss
54,293.0,4.43237394445,boston,baselinedetplus,1,0.25,37.6168556213,best_val_loss
55,96.0,7.17219094669,boston,baselinedetplus,2,0.25,35.8426437378,best_val_loss
56,65.0,4.34996122472,boston,baselinedetplus,3,0.25,58.6982154846,best_val_loss
57,59.0,7.21135277842,boston,baselinedetplus,4,0.25,63.2104187012,best_val_loss
58,114.0,9.65694352692,boston,baselinedetplus,8,0.25,70.9635162354,best_val_loss
59,263.0,25.5550872204,boston,baselinedetplus,20,0.25,162.593109131,best_val_loss
60,194.0,2.69594259823,boston,baselinedetplus,1,0.5,24.7617721558,best_val_loss
61,282.0,3.18665807387,boston,baselinedetplus,2,0.5,43.1843719482,best_val_loss
62,196.0,2.45355748195,boston,baselinedetplus,3,0.5,28.586183548,best_val_loss
63,49.0,3.13345606187,boston,baselinedetplus,4,0.5,49.3034706116,best_val_loss
64,51.0,5.75131584616,boston,baselinedetplus,8,0.5,63.3422584534,best_val_loss
65,54.0,6.13495052562,boston,baselinedetplus,20,0.5,99.5759811401,best_val_loss
66,63.0,2.00945551255,boston,baselinedetplus,1,1.0,17.2476882935,best_val_loss
67,100.0,6.43242869658,boston,baselinedetplus,2,1.0,35.5765457153,best_val_loss
68,153.0,2.35845289043,boston,baselinedetplus,3,1.0,23.5508747101,best_val_loss
69,224.0,2.75864455279,boston,baselinedetplus,4,1.0,22.9203910828,best_val_loss
70,101.0,2.82533952302,boston,baselinedetplus,8,1.0,34.0186538696,best_val_loss
71,70.0,6.45759073893,boston,baselinedetplus,20,1.0,79.1482772827,best_val_loss
72,312.0,11.1507518993,boston,radialflowdet,1,0.25,5.51004981995,best_val_loss
73,624.0,1.18840067994,boston,radialflowdet,2,0.25,3.2193198204,best_val_loss
74,663.0,4.80649678847,boston,radialflowdet,3,0.25,3.80023670197,best_val_loss
75,576.0,0.909020517387,boston,radialflowdet,4,0.25,4.10910844803,best_val_loss
76,645.0,2.61871794158,boston,radialflowdet,8,0.25,3.53902482986,best_val_loss
77,0.0,inf,boston,radialflowdet,20,0.25,inf,best_val_loss
78,530.0,1.45813945695,boston,radialflowdet,1,0.5,3.57225799561,best_val_loss
79,339.0,12.7809523414,boston,radialflowdet,2,0.5,3.39601874352,best_val_loss
80,690.0,2.31107996024,boston,radialflowdet,3,0.5,5.51117706299,best_val_loss
81,321.0,1.34864515417,boston,radialflowdet,4,0.5,3.29759192467,best_val_loss
82,415.0,4.56909553677,boston,radialflowdet,8,0.5,3.5104393959,best_val_loss
83,0.0,inf,boston,radialflowdet,20,0.5,inf,best_val_loss
84,204.0,2.28936898475,boston,radialflowdet,1,1.0,3.0069565773,best_val_loss
85,267.0,1.23013393552,boston,radialflowdet,2,1.0,2.83200979233,best_val_loss
86,228.0,6.2149626788,boston,radialflowdet,3,1.0,3.14289140701,best_val_loss
87,104.0,36.4420471565,boston,radialflowdet,4,1.0,3.23058366776,best_val_loss
88,288.0,1.15329383401,boston,radialflowdet,8,1.0,3.3363711834,best_val_loss
89,0.0,inf,boston,radialflowdet,20,1.0,inf,best_val_loss
90,1419.0,2.82580745921,boston,baselineplus,1,0.25,13.7516555786,best_val_loss
91,911.0,6.04413320504,boston,baselineplus,2,0.25,9.61905002594,best_val_loss
92,279.0,83.2773202634,boston,baselineplus,3,0.25,8.64718532562,best_val_loss
93,1622.0,21.6578183642,boston,baselineplus,4,0.25,10.6382751465,best_val_loss
94,2073.0,218.378907596,boston,baselineplus,8,0.25,8.84328842163,best_val_loss
95,1569.0,268.304370955,boston,baselineplus,20,0.25,10.920712471,best_val_loss
96,627.0,4.19620768229,boston,baselineplus,1,0.5,17.1409244537,best_val_loss
97,1100.0,11.3105374505,boston,baselineplus,2,0.5,8.48213863373,best_val_loss
98,809.0,13.9157037174,boston,baselineplus,3,0.5,11.7235136032,best_val_loss
99,524.0,5.8950808656,boston,baselineplus,4,0.5,25.9715442657,best_val_loss
100,476.0,98.098367504,boston,baselineplus,8,0.5,8.49451255798,best_val_loss
101,653.0,31.9485724954,boston,baselineplus,20,0.5,34.0841331482,best_val_loss
102,1920.0,3.67699312696,boston,baselineplus,1,1.0,10.9229793549,best_val_loss
103,314.0,5.65425573611,boston,baselineplus,2,1.0,9.65913772583,best_val_loss
104,2032.0,4.8433787028,boston,baselineplus,3,1.0,11.807100296,best_val_loss
105,1341.0,8.16232060451,boston,baselineplus,4,1.0,11.5392875671,best_val_loss
106,1979.0,7.66773074281,boston,baselineplus,8,1.0,11.0090055466,best_val_loss
107,311.0,80.9229208254,boston,baselineplus,20,1.0,10.4621477127,best_val_loss
108,742.0,1476.0261389,boston,planarflow,1,0.25,17.1605186462,best_val_loss
109,153.0,1737.14590993,boston,planarflow,2,0.25,794.809692383,best_val_loss
110,497.0,3902.74642914,boston,planarflow,3,0.25,8.29109382629,best_val_loss
111,124.0,1143.26819087,boston,planarflow,4,0.25,226.433425903,best_val_loss
112,320.0,19786.872549,boston,planarflow,8,0.25,566.455505371,best_val_loss
113,0.0,inf,boston,planarflow,20,0.25,inf,best_val_loss
114,539.0,4.42747736912,boston,planarflow,1,0.5,13.3317098618,best_val_loss
115,352.0,14.6174262552,boston,planarflow,2,0.5,14.694270134,best_val_loss
116,353.0,11.8885898964,boston,planarflow,3,0.5,10.6818189621,best_val_loss
117,221.0,1338.91337316,boston,planarflow,4,0.5,155.724655151,best_val_loss
118,723.0,10.4180425008,boston,planarflow,8,0.5,6.91790390015,best_val_loss
119,0.0,inf,boston,planarflow,20,0.5,inf,best_val_loss
120,329.0,6.16133536545,boston,planarflow,1,1.0,7.92382001877,best_val_loss
121,361.0,4.36326943192,boston,planarflow,2,1.0,11.3530197144,best_val_loss
122,359.0,7.24649586397,boston,planarflow,3,1.0,8.93759632111,best_val_loss
123,332.0,177.628221624,boston,planarflow,4,1.0,7.92395114899,best_val_loss
124,471.0,8.28717549642,boston,planarflow,8,1.0,19.9731483459,best_val_loss
125,0.0,inf,boston,planarflow,20,1.0,inf,best_val_loss
126,656.0,6.0723733341,boston,baselinedet,1,0.25,22.7282485962,best_val_loss
127,160.0,2.80535858753,boston,baselinedet,2,0.25,20.7590007782,best_val_loss
128,428.0,2.6985913445,boston,baselinedet,3,0.25,21.5396308899,best_val_loss
129,22.0,2.26682520848,boston,baselinedet,4,0.25,21.0732765198,best_val_loss
130,123.0,2.74865902171,boston,baselinedet,8,0.25,23.6867828369,best_val_loss
131,380.0,1.27487332213,boston,baselinedet,20,0.25,7.12345123291,best_val_loss
132,786.0,0.812075671028,boston,baselinedet,1,0.5,5.00321435928,best_val_loss
133,249.0,0.730846255433,boston,baselinedet,2,0.5,4.87576627731,best_val_loss
134,147.0,1.99123472326,boston,baselinedet,3,0.5,14.8944950104,best_val_loss
135,96.0,1.578956604,boston,baselinedet,4,0.5,10.2021083832,best_val_loss
136,302.0,0.763446882659,boston,baselinedet,8,0.5,4.46878194809,best_val_loss
137,238.0,0.62991400326,boston,baselinedet,20,0.5,4.05984354019,best_val_loss
138,402.0,0.429225061454,boston,baselinedet,1,1.0,3.30047655106,best_val_loss
139,278.0,0.523443970026,boston,baselinedet,2,1.0,3.44690513611,best_val_loss
140,212.0,0.475862989239,boston,baselinedet,3,1.0,3.36770486832,best_val_loss
141,151.0,0.262828901702,boston,baselinedet,4,1.0,2.69449973106,best_val_loss
142,248.0,1.29908378451,boston,baselinedet,8,1.0,8.72104358673,best_val_loss
143,180.0,0.333007924697,boston,baselinedet,20,1.0,3.07913136482,best_val_loss
144,522.0,243.368203677,boston,radialflow,1,0.25,8.42138957977,best_val_loss
145,469.0,1.92538290693,boston,radialflow,2,0.25,9.51483631134,best_val_loss
146,567.0,108.159961754,boston,radialflow,3,0.25,7.66336536407,best_val_loss
147,716.0,3.6051665892,boston,radialflow,4,0.25,7.54193401337,best_val_loss
148,400.0,2.24562980769,boston,radialflow,8,0.25,7.18436908722,best_val_loss
149,0.0,inf,boston,radialflow,20,0.25,inf,best_val_loss
150,341.0,2.47720137671,boston,radialflow,1,0.5,6.79956102371,best_val_loss
151,247.0,4.75882413496,boston,radialflow,2,0.5,7.81026124954,best_val_loss
152,239.0,79.9917846435,boston,radialflow,3,0.5,9.89348697662,best_val_loss
153,730.0,3.06437715946,boston,radialflow,4,0.5,7.4273223877,best_val_loss
154,332.0,3.8998225832,boston,radialflow,8,0.5,7.84070062637,best_val_loss
155,0.0,inf,boston,radialflow,20,0.5,inf,best_val_loss
156,416.0,6.51960692667,boston,radialflow,1,1.0,9.45751094818,best_val_loss
157,241.0,2.70524768387,boston,radialflow,2,1.0,3.74921178818,best_val_loss
158,521.0,13.4657721032,boston,radialflow,3,1.0,4.78518009186,best_val_loss
159,130.0,17.1562454762,boston,radialflow,4,1.0,12.4578437805,best_val_loss
160,233.0,4.61201767381,boston,radialflow,8,1.0,3.90297651291,best_val_loss
161,0.0,inf,boston,radialflow,20,1.0,inf,best_val_loss
162,302.0,1.86970549648,concrete,mixture,1,0.25,13.483590126,best_val_loss
163,314.0,15.7134430524,concrete,mixture,2,0.25,18.9883079529,best_val_loss
164,259.0,3.65648302986,concrete,mixture,3,0.25,15.1504669189,best_val_loss
165,130.0,299.336851546,concrete,mixture,4,0.25,56.4443855286,best_val_loss
166,236.0,244.10196071,concrete,mixture,8,0.25,108.342536926,best_val_loss
167,313.0,29.6439419348,concrete,mixture,20,0.25,99.6214675903,best_val_loss
168,179.0,5.74968460231,concrete,mixture,1,0.5,10.853302002,best_val_loss
169,236.0,3.60570377979,concrete,mixture,2,0.5,10.3985052109,best_val_loss
170,414.0,2.64217880397,concrete,mixture,3,0.5,19.5389156342,best_val_loss
171,273.0,1837.59450761,concrete,mixture,4,0.5,18.8590354919,best_val_loss
172,359.0,16.9190661977,concrete,mixture,8,0.5,11.7294101715,best_val_loss
173,284.0,16.4530272252,concrete,mixture,20,0.5,121.367553711,best_val_loss
174,236.0,21.0478179339,concrete,mixture,1,1.0,18.6025657654,best_val_loss
175,220.0,3.68486008135,concrete,mixture,2,1.0,19.4060401917,best_val_loss
176,256.0,4.93225912446,concrete,mixture,3,1.0,14.2679128647,best_val_loss
177,204.0,4.26632601544,concrete,mixture,4,1.0,8.81857299805,best_val_loss
178,455.0,16.6571081958,concrete,mixture,8,1.0,18.665599823,best_val_loss
179,48.0,142.500126811,concrete,mixture,20,1.0,150.913284302,best_val_loss
180,242.0,2.31745621765,concrete,baseline,1,0.25,11.9094667435,best_val_loss
181,240.0,5.75863514132,concrete,baseline,2,0.25,18.4334392548,best_val_loss
182,436.0,2.16010810334,concrete,baseline,3,0.25,15.1525726318,best_val_loss
183,255.0,2.16882487177,concrete,baseline,4,0.25,18.8758811951,best_val_loss
184,955.0,1.85768601501,concrete,baseline,8,0.25,19.5996952057,best_val_loss
185,230.0,1.82536175182,concrete,baseline,20,0.25,12.3224334717,best_val_loss
186,156.0,3.18908009946,concrete,baseline,1,0.5,9.38620758057,best_val_loss
187,275.0,2.27143015445,concrete,baseline,2,0.5,13.8209238052,best_val_loss
188,693.0,2.68743748341,concrete,baseline,3,0.5,19.1371498108,best_val_loss
189,701.0,2.0082812263,concrete,baseline,4,0.5,18.2053890228,best_val_loss
190,164.0,3.23654352577,concrete,baseline,8,0.5,18.3068714142,best_val_loss
191,262.0,2.21051869809,concrete,baseline,20,0.5,13.9147520065,best_val_loss
192,559.0,4.19558493605,concrete,baseline,1,1.0,19.0340671539,best_val_loss
193,175.0,2.76615890947,concrete,baseline,2,1.0,18.9739551544,best_val_loss
194,120.0,2.63385246795,concrete,baseline,3,1.0,14.1603975296,best_val_loss
195,142.0,4.24004408457,concrete,baseline,4,1.0,7.31844329834,best_val_loss
196,403.0,2.95263538546,concrete,baseline,8,1.0,8.74631690979,best_val_loss
197,118.0,3.12026599773,concrete,baseline,20,1.0,11.0616292953,best_val_loss
198,251.0,1.54733424511,concrete,planarflowdet,1,0.25,8.88837337494,best_val_loss
199,202.0,30.0308026064,concrete,planarflowdet,2,0.25,15.5508346558,best_val_loss
200,384.0,2.21398110992,concrete,planarflowdet,3,0.25,79.9087524414,best_val_loss
201,272.0,2.49568131826,concrete,planarflowdet,4,0.25,21.4372730255,best_val_loss
202,299.0,2.11681684476,concrete,planarflowdet,8,0.25,14.7038345337,best_val_loss
203,384.0,2.68947890198,concrete,planarflowdet,20,0.25,234.376220703,best_val_loss
204,198.0,1.4906608063,concrete,planarflowdet,1,0.5,6.96100616455,best_val_loss
205,237.0,1.31676172053,concrete,planarflowdet,2,0.5,10.4960842133,best_val_loss
206,371.0,1.58624830524,concrete,planarflowdet,3,0.5,16.5613059998,best_val_loss
207,214.0,8.58494641943,concrete,planarflowdet,4,0.5,14.2220630646,best_val_loss
208,216.0,2.69065856934,concrete,planarflowdet,8,0.5,25.5217018127,best_val_loss
209,345.0,2.41265824698,concrete,planarflowdet,20,0.5,1011.65496826,best_val_loss
210,496.0,3.93041569978,concrete,planarflowdet,1,1.0,8.31240940094,best_val_loss
211,193.0,1.90405062333,concrete,planarflowdet,2,1.0,6.79616308212,best_val_loss
212,197.0,1.37410602755,concrete,planarflowdet,3,1.0,15.9259967804,best_val_loss
213,185.0,2.43345656904,concrete,planarflowdet,4,1.0,8.55753993988,best_val_loss
214,160.0,29.4849423899,concrete,planarflowdet,8,1.0,49.1348190308,best_val_loss
215,253.0,2.96257056079,concrete,planarflowdet,20,1.0,11.0068941116,best_val_loss
216,193.0,2.18507829685,concrete,baselinedetplus,1,0.25,30.3589763641,best_val_loss
217,14.0,2.67986467973,concrete,baselinedetplus,2,0.25,49.9357528687,best_val_loss
218,111.0,2.72813993287,concrete,baselinedetplus,3,0.25,58.6560821533,best_val_loss
219,211.0,2.75498503157,concrete,baselinedetplus,4,0.25,56.8667411804,best_val_loss
220,163.0,3.94171201836,concrete,baselinedetplus,8,0.25,69.8662948608,best_val_loss
221,99.0,3.56731022214,concrete,baselinedetplus,20,0.25,116.016914368,best_val_loss
222,104.0,1.96500863381,concrete,baselinedetplus,1,0.5,29.973072052,best_val_loss
223,15.0,2.05046363016,concrete,baselinedetplus,2,0.5,31.2514209747,best_val_loss
224,108.0,2.64061670396,concrete,baselinedetplus,3,0.5,55.4049987793,best_val_loss
225,54.0,2.69943859508,concrete,baselinedetplus,4,0.5,61.0597114563,best_val_loss
226,33.0,2.86406581842,concrete,baselinedetplus,8,0.5,62.4026985168,best_val_loss
227,56.0,3.69834796202,concrete,baselinedetplus,20,0.5,130.789123535,best_val_loss
228,99.0,1.58680028823,concrete,baselinedetplus,1,1.0,20.5813903809,best_val_loss
229,86.0,1.8388695578,concrete,baselinedetplus,2,1.0,24.3830776215,best_val_loss
230,19.0,2.7140748848,concrete,baselinedetplus,3,1.0,37.7708778381,best_val_loss
231,13.0,2.21706768147,concrete,baselinedetplus,4,1.0,32.1676139832,best_val_loss
232,51.0,2.65638540323,concrete,baselinedetplus,8,1.0,51.8035697937,best_val_loss
233,44.0,3.02017685974,concrete,baselinedetplus,20,1.0,87.4110412598,best_val_loss
234,192.0,1.39560521691,concrete,radialflowdet,1,0.25,8.25605201721,best_val_loss
235,228.0,24.3703068113,concrete,radialflowdet,2,0.25,10.7867507935,best_val_loss
236,383.0,1.7253724626,concrete,radialflowdet,3,0.25,8.16831874847,best_val_loss
237,371.0,3.43683527974,concrete,radialflowdet,4,0.25,8.31540870667,best_val_loss
238,318.0,2.08660266469,concrete,radialflowdet,8,0.25,8.70052146912,best_val_loss
239,0.0,inf,concrete,radialflowdet,20,0.25,inf,best_val_loss
240,169.0,2.02788832581,concrete,radialflowdet,1,0.5,6.9293847084,best_val_loss
241,245.0,0.668480845331,concrete,radialflowdet,2,0.5,6.47083234787,best_val_loss
242,237.0,0.800535553867,concrete,radialflowdet,3,0.5,6.77407407761,best_val_loss
243,659.0,2.42942291556,concrete,radialflowdet,4,0.5,6.84629917145,best_val_loss
244,209.0,2.62205564629,concrete,radialflowdet,8,0.5,7.05422639847,best_val_loss
245,0.0,inf,concrete,radialflowdet,20,0.5,inf,best_val_loss
246,507.0,2.63287309073,concrete,radialflowdet,1,1.0,6.5911693573,best_val_loss
247,409.0,1.66563363677,concrete,radialflowdet,2,1.0,5.94373416901,best_val_loss
248,153.0,0.833426836625,concrete,radialflowdet,3,1.0,6.45259428024,best_val_loss
249,211.0,1.16843473564,concrete,radialflowdet,4,1.0,5.89313983917,best_val_loss
250,146.0,31.8760311534,concrete,radialflowdet,8,1.0,6.70548057556,best_val_loss
251,0.0,inf,concrete,radialflowdet,20,1.0,inf,best_val_loss
252,279.0,2.47669523665,concrete,baselineplus,1,0.25,15.0267705917,best_val_loss
253,282.0,22.023446833,concrete,baselineplus,2,0.25,18.6931400299,best_val_loss
254,1153.0,2.4274943824,concrete,baselineplus,3,0.25,19.4105110168,best_val_loss
255,286.0,7.37219697526,concrete,baselineplus,4,0.25,18.5700359344,best_val_loss
256,690.0,6.28208908525,concrete,baselineplus,8,0.25,23.142490387,best_val_loss
257,374.0,11.9271883178,concrete,baselineplus,20,0.25,123.530822754,best_val_loss
258,182.0,3.81334130741,concrete,baselineplus,1,0.5,11.6275253296,best_val_loss
259,701.0,2.66697929901,concrete,baselineplus,2,0.5,12.5535516739,best_val_loss
260,377.0,4.46236441899,concrete,baselineplus,3,0.5,46.746547699,best_val_loss
261,741.0,10.0931688327,concrete,baselineplus,4,0.5,18.5148906708,best_val_loss
262,223.0,20.2650995347,concrete,baselineplus,8,0.5,14.3696708679,best_val_loss
263,609.0,8.8427989182,concrete,baselineplus,20,0.5,112.476127625,best_val_loss
264,594.0,7.46291284654,concrete,baselineplus,1,1.0,19.323551178,best_val_loss
265,443.0,4.44310397546,concrete,baselineplus,2,1.0,10.0788612366,best_val_loss
266,225.0,4.42274460283,concrete,baselineplus,3,1.0,38.2478027344,best_val_loss
267,189.0,9.88415868074,concrete,baselineplus,4,1.0,17.2461242676,best_val_loss
268,565.0,6.25759532151,concrete,baselineplus,8,1.0,42.9322547913,best_val_loss
269,219.0,16.6781722874,concrete,baselineplus,20,1.0,49.0569000244,best_val_loss
270,282.0,2.36668381182,concrete,planarflow,1,0.25,13.4364089966,best_val_loss
271,308.0,10.1203610318,concrete,planarflow,2,0.25,19.1914157867,best_val_loss
272,266.0,2.29781852648,concrete,planarflow,3,0.25,14.2477312088,best_val_loss
273,323.0,2.8999786377,concrete,planarflow,4,0.25,18.5856838226,best_val_loss
274,288.0,3.58797343726,concrete,planarflow,8,0.25,18.5894031525,best_val_loss
275,0.0,inf,concrete,planarflow,20,0.25,inf,best_val_loss
276,940.0,2.54612361575,concrete,planarflow,1,0.5,19.2165431976,best_val_loss
277,371.0,2.61285044846,concrete,planarflow,2,0.5,15.7458267212,best_val_loss
278,367.0,2.79106777154,concrete,planarflow,3,0.5,17.1006832123,best_val_loss
279,276.0,50.8124602975,concrete,planarflow,4,0.5,18.3732852936,best_val_loss
280,241.0,8.36980149352,concrete,planarflow,8,0.5,14.7246074677,best_val_loss
281,0.0,inf,concrete,planarflow,20,0.5,inf,best_val_loss
282,201.0,33.9124862523,concrete,planarflow,1,1.0,19.4867687225,best_val_loss
283,175.0,3.76046486271,concrete,planarflow,2,1.0,19.912399292,best_val_loss
284,218.0,2.64345454244,concrete,planarflow,3,1.0,17.1888332367,best_val_loss
285,135.0,4.52466768431,concrete,planarflow,4,1.0,7.40132665634,best_val_loss
286,697.0,6.57778812149,concrete,planarflow,8,1.0,10.0698299408,best_val_loss
287,0.0,inf,concrete,planarflow,20,1.0,inf,best_val_loss
288,423.0,1.26193192862,concrete,baselinedet,1,0.25,15.549530983,best_val_loss
289,104.0,1.68205127901,concrete,baselinedet,2,0.25,19.8761520386,best_val_loss
290,172.0,1.82205200195,concrete,baselinedet,3,0.25,19.2730064392,best_val_loss
291,40.0,1.39418237186,concrete,baselinedet,4,0.25,16.8946704865,best_val_loss
292,353.0,1.38805070896,concrete,baselinedet,8,0.25,16.6997661591,best_val_loss
293,171.0,1.7744487281,concrete,baselinedet,20,0.25,24.3375015259,best_val_loss
294,167.0,1.11342206048,concrete,baselinedet,1,0.5,12.4991178513,best_val_loss
295,167.0,0.95851675978,concrete,baselinedet,2,0.5,10.8065500259,best_val_loss
296,167.0,0.865858800203,concrete,baselinedet,3,0.5,10.1759614944,best_val_loss
297,206.0,1.02265759811,concrete,baselinedet,4,0.5,11.6690692902,best_val_loss
298,97.0,1.4655062481,concrete,baselinedet,8,0.5,16.5227184296,best_val_loss
299,171.0,1.1412720171,concrete,baselinedet,20,0.5,12.4558372498,best_val_loss
300,165.0,0.718357271361,concrete,baselinedet,1,1.0,8.60941505432,best_val_loss
301,187.0,0.672067882945,concrete,baselinedet,2,1.0,8.33781337738,best_val_loss
302,100.0,1.24008289819,concrete,baselinedet,3,1.0,14.7718105316,best_val_loss
303,401.0,0.607868861226,concrete,baselinedet,4,1.0,7.79184579849,best_val_loss
304,143.0,1.30953964678,concrete,baselinedet,8,1.0,9.89113330841,best_val_loss
305,335.0,0.405618612049,concrete,baselinedet,20,1.0,6.1308965683,best_val_loss
306,28.0,264.656805101,concrete,radialflow,1,0.25,110.871002197,best_val_loss
307,30.0,34472.4684737,concrete,radialflow,2,0.25,51.4576911926,best_val_loss
308,34.0,154.625240815,concrete,radialflow,3,0.25,95.5606307983,best_val_loss
309,19.0,911.189898572,concrete,radialflow,4,0.25,73.3711700439,best_val_loss
310,157.0,1.76565807434,concrete,radialflow,8,0.25,18.722120285,best_val_loss
311,0.0,inf,concrete,radialflow,20,0.25,inf,best_val_loss
312,8.0,388.721148248,concrete,radialflow,1,0.5,115.515670776,best_val_loss
313,8.0,19.5711929271,concrete,radialflow,2,0.5,79.7961273193,best_val_loss
314,93.0,3310.12287333,concrete,radialflow,3,0.5,39.0672798157,best_val_loss
315,20.0,15224.9231081,concrete,radialflow,4,0.5,158.132293701,best_val_loss
316,157.0,2.80872027639,concrete,radialflow,8,0.5,19.2117271423,best_val_loss
317,0.0,inf,concrete,radialflow,20,0.5,inf,best_val_loss
318,124.0,19650.5002704,concrete,radialflow,1,1.0,41.0623207092,best_val_loss
319,33.0,125.029615311,concrete,radialflow,2,1.0,63.1159858704,best_val_loss
320,31.0,25.8193588713,concrete,radialflow,3,1.0,45.3481636047,best_val_loss
321,5.0,12.2762293995,concrete,radialflow,4,1.0,42.0560073853,best_val_loss
322,67.0,41.8032865803,concrete,radialflow,8,1.0,18.2714557648,best_val_loss
323,0.0,inf,concrete,radialflow,20,1.0,inf,best_val_loss
324,490.0,3.91781596394,energy,mixture,1,0.25,9.52632427216,best_val_loss
325,27.0,10.5129699707,energy,mixture,2,0.25,13.8283395767,best_val_loss
326,481.0,1110.1687847,energy,mixture,3,0.25,9.37302875519,best_val_loss
327,98.0,3.22705444732,energy,mixture,4,0.25,11.6372089386,best_val_loss
328,195.0,22.1067100624,energy,mixture,8,0.25,44.3817062378,best_val_loss
329,99.0,9.50110378513,energy,mixture,20,0.25,14.1597108841,best_val_loss
330,65.0,2.57234835934,energy,mixture,1,0.5,11.7716379166,best_val_loss
331,255.0,2.22473023155,energy,mixture,2,0.5,2.71883678436,best_val_loss
332,281.0,2.00593512399,energy,mixture,3,0.5,3.05402064323,best_val_loss
333,280.0,8499.69469303,energy,mixture,4,0.5,27.0845851898,best_val_loss
334,278.0,3.4113957789,energy,mixture,8,0.5,3.14496445656,best_val_loss
335,295.0,14.9260838496,energy,mixture,20,0.5,6.85435914993,best_val_loss
336,196.0,21.8840625317,energy,mixture,1,1.0,9.53198242188,best_val_loss
337,307.0,21.9992415193,energy,mixture,2,1.0,9.13197135925,best_val_loss
338,190.0,3.99513140592,energy,mixture,3,1.0,2.66111540794,best_val_loss
339,20.0,7973.55471168,energy,mixture,4,1.0,20.750957489,best_val_loss
340,315.0,5.01919506123,energy,mixture,8,1.0,2.79562616348,best_val_loss
341,244.0,9.2073024403,energy,mixture,20,1.0,3.35320782661,best_val_loss
342,328.0,2.19872908159,energy,baseline,1,0.25,5.87074232101,best_val_loss
343,361.0,2.45606449672,energy,baseline,2,0.25,9.12828922272,best_val_loss
344,317.0,5.40803121592,energy,baseline,3,0.25,9.42589187622,best_val_loss
345,130.0,2.4326504794,energy,baseline,4,0.25,12.2749357224,best_val_loss
346,346.0,2.73551009537,energy,baseline,8,0.25,3.37170267105,best_val_loss
347,358.0,1.52204917313,energy,baseline,20,0.25,2.95918369293,best_val_loss
348,250.0,2.96612499287,energy,baseline,1,0.5,9.30389308929,best_val_loss
349,161.0,2.98813376489,energy,baseline,2,0.5,2.74644088745,best_val_loss
350,159.0,2.34688309261,energy,baseline,3,0.5,2.91457128525,best_val_loss
351,252.0,6.06193314589,energy,baseline,4,0.5,9.5522146225,best_val_loss
352,193.0,2.36424192206,energy,baseline,8,0.5,2.61645889282,best_val_loss
353,180.0,2.60715405353,energy,baseline,20,0.5,2.90715169907,best_val_loss
354,179.0,8.29240912896,energy,baseline,1,1.0,9.26332855225,best_val_loss
355,249.0,7.76818401783,energy,baseline,2,1.0,9.49592590332,best_val_loss
356,161.0,2.99235508659,energy,baseline,3,1.0,2.72597360611,best_val_loss
357,20.0,101.008693844,energy,baseline,4,1.0,8.27711296082,best_val_loss
358,133.0,2.74674501667,energy,baseline,8,1.0,2.49515914917,best_val_loss
359,111.0,3.50732932153,energy,baseline,20,1.0,2.81439876556,best_val_loss
360,189.0,2.84130978275,energy,planarflowdet,1,0.25,11.0940589905,best_val_loss
361,399.0,2.39928337196,energy,planarflowdet,2,0.25,7.28035974503,best_val_loss
362,422.0,3.59423134544,energy,planarflowdet,3,0.25,9.09065914154,best_val_loss
363,309.0,13.2647776418,energy,planarflowdet,4,0.25,23.6073913574,best_val_loss
364,592.0,1.51546973687,energy,planarflowdet,8,0.25,3.85051631927,best_val_loss
365,222.0,511.414081524,energy,planarflowdet,20,0.25,147.009048462,best_val_loss
366,267.0,2.27127412078,energy,planarflowdet,1,0.5,3.019115448,best_val_loss
367,263.0,1.85489837845,energy,planarflowdet,2,0.5,2.88220214844,best_val_loss
368,338.0,1.22054758939,energy,planarflowdet,3,0.5,4.87930488586,best_val_loss
369,268.0,6.01410457066,energy,planarflowdet,4,0.5,6.06500482559,best_val_loss
370,276.0,11.3692881597,energy,planarflowdet,8,0.5,9.65240859985,best_val_loss
371,403.0,15.0186985561,energy,planarflowdet,20,0.5,7.69465017319,best_val_loss
372,193.0,7.25879044966,energy,planarflowdet,1,1.0,0.975821793079,best_val_loss
373,224.0,14.0065806005,energy,planarflowdet,2,1.0,7.31381988525,best_val_loss
374,76.0,10.5216629226,energy,planarflowdet,3,1.0,8.50960445404,best_val_loss
375,51.0,18.3453371122,energy,planarflowdet,4,1.0,15.2436265945,best_val_loss
376,148.0,9.64186128393,energy,planarflowdet,8,1.0,19.4468898773,best_val_loss
377,152.0,19.210710798,energy,planarflowdet,20,1.0,130.058074951,best_val_loss
378,104.0,0.455880251798,energy,baselinedetplus,1,0.25,3.7450633049,best_val_loss
379,26.0,2.07009768796,energy,baselinedetplus,2,0.25,17.4379673004,best_val_loss
380,112.0,2.03584487717,energy,baselinedetplus,3,0.25,19.8163261414,best_val_loss
381,82.0,2.2950825877,energy,baselinedetplus,4,0.25,23.1191711426,best_val_loss
382,129.0,2.98675933442,energy,baselinedetplus,8,0.25,41.750453949,best_val_loss
383,70.0,3.23181647759,energy,baselinedetplus,20,0.25,52.6338272095,best_val_loss
384,321.0,0.307484886863,energy,baselinedetplus,1,0.5,2.72394728661,best_val_loss
385,57.0,0.661988444143,energy,baselinedetplus,2,0.5,4.37535858154,best_val_loss
386,137.0,1.42098404525,energy,baselinedetplus,3,0.5,10.5886011124,best_val_loss
387,122.0,0.819276041799,energy,baselinedetplus,4,0.5,4.80818414688,best_val_loss
388,289.0,1.2784120634,energy,baselinedetplus,8,0.5,5.52333164215,best_val_loss
389,64.0,2.4286635758,energy,baselinedetplus,20,0.5,26.9408130646,best_val_loss
390,35.0,0.399014658742,energy,baselinedetplus,1,1.0,3.2676627636,best_val_loss
391,31.0,0.523597073245,energy,baselinedetplus,2,1.0,4.47857284546,best_val_loss
392,191.0,0.583126910321,energy,baselinedetplus,3,1.0,2.4793176651,best_val_loss
393,46.0,1.23599451238,energy,baselinedetplus,4,1.0,6.96155405045,best_val_loss
394,100.0,1.03366069051,energy,baselinedetplus,8,1.0,6.63242435455,best_val_loss
395,110.0,1.78757248916,energy,baselinedetplus,20,1.0,13.9186782837,best_val_loss
396,151.0,1.7845571939,energy,radialflowdet,1,0.25,3.99067473412,best_val_loss
397,340.0,3.1531233354,energy,radialflowdet,2,0.25,2.00240039825,best_val_loss
398,45.0,6.29278306837,energy,radialflowdet,3,0.25,7.56010055542,best_val_loss
399,195.0,1.23745088453,energy,radialflowdet,4,0.25,3.55884790421,best_val_loss
400,269.0,0.31236628743,energy,radialflowdet,8,0.25,1.33014035225,best_val_loss
401,0.0,inf,energy,radialflowdet,20,0.25,inf,best_val_loss
402,263.0,0.0164754297826,energy,radialflowdet,1,0.5,0.574404060841,best_val_loss
403,238.0,-0.874335549094,energy,radialflowdet,2,0.5,0.806438088417,best_val_loss
404,236.0,-1.12848395806,energy,radialflowdet,3,0.5,0.660587191582,best_val_loss
405,281.0,4.42924856211,energy,radialflowdet,4,0.5,0.605732738972,best_val_loss
406,212.0,-1.1771487942,energy,radialflowdet,8,0.5,0.660435199738,best_val_loss
407,0.0,inf,energy,radialflowdet,20,0.5,inf,best_val_loss
408,204.0,5.91425680185,energy,radialflowdet,1,1.0,0.63060849905,best_val_loss
409,202.0,5.07294087596,energy,radialflowdet,2,1.0,0.67373329401,best_val_loss
410,258.0,-1.07709651798,energy,radialflowdet,3,1.0,0.692928612232,best_val_loss
411,162.0,204.681501711,energy,radialflowdet,4,1.0,0.68837672472,best_val_loss
412,182.0,-0.824041193182,energy,radialflowdet,8,1.0,0.708618342876,best_val_loss
413,0.0,inf,energy,radialflowdet,20,1.0,inf,best_val_loss
414,193.0,3.26842647404,energy,baselineplus,1,0.25,14.099946022,best_val_loss
415,388.0,7.05063064377,energy,baselineplus,2,0.25,9.5580701828,best_val_loss
416,332.0,8.47264713436,energy,baselineplus,3,0.25,6.83266878128,best_val_loss
417,178.0,5.65495557909,energy,baselineplus,4,0.25,26.5659332275,best_val_loss
418,363.0,5.55275855126,energy,baselineplus,8,0.25,36.9498748779,best_val_loss
419,371.0,10.7459492869,energy,baselineplus,20,0.25,11.6707038879,best_val_loss
420,65.0,4.76408663663,energy,baselineplus,1,0.5,15.0902528763,best_val_loss
421,267.0,4.03629778577,energy,baselineplus,2,0.5,3.71803617477,best_val_loss
422,263.0,4.79061433866,energy,baselineplus,3,0.5,14.5041055679,best_val_loss
423,328.0,49.8974546953,energy,baselineplus,4,0.5,9.25007820129,best_val_loss
424,271.0,5.49727046025,energy,baselineplus,8,0.5,33.2939872742,best_val_loss
425,279.0,8.39829085709,energy,baselineplus,20,0.5,62.9682846069,best_val_loss
426,221.0,24.4819891793,energy,baselineplus,1,1.0,9.85571098328,best_val_loss
427,190.0,39.7065496073,energy,baselineplus,2,1.0,9.23327445984,best_val_loss
428,177.0,10.7675277908,energy,baselineplus,3,1.0,5.20008659363,best_val_loss
429,12.0,1427.97183148,energy,baselineplus,4,1.0,11.1282539368,best_val_loss
430,236.0,9.30055226908,energy,baselineplus,8,1.0,4.63760232925,best_val_loss
431,222.0,12.1510223785,energy,baselineplus,20,1.0,57.076789856,best_val_loss
432,98.0,3.09849825772,energy,planarflow,1,0.25,20.5021591187,best_val_loss
433,451.0,2.50093286688,energy,planarflow,2,0.25,9.56908607483,best_val_loss
434,483.0,7.12348175049,energy,planarflow,3,0.25,9.52020549774,best_val_loss
435,519.0,3.5587591196,energy,planarflow,4,0.25,8.80007553101,best_val_loss
436,432.0,2.64191734017,energy,planarflow,8,0.25,4.96724414825,best_val_loss
437,0.0,inf,energy,planarflow,20,0.25,inf,best_val_loss
438,127.0,2.92907893193,energy,planarflow,1,0.5,8.19951820374,best_val_loss
439,307.0,2.08843233678,energy,planarflow,2,0.5,2.70651292801,best_val_loss
440,379.0,2.81404832122,energy,planarflow,3,0.5,2.75724649429,best_val_loss
441,425.0,15.4965272383,energy,planarflow,4,0.5,9.27967643738,best_val_loss
442,382.0,2.95147992419,energy,planarflow,8,0.5,3.06676197052,best_val_loss
443,0.0,inf,energy,planarflow,20,0.5,inf,best_val_loss
444,209.0,8.23288756532,energy,planarflow,1,1.0,9.50972557068,best_val_loss
445,281.0,10.0889711256,energy,planarflow,2,1.0,9.39444828033,best_val_loss
446,225.0,3.7981193592,energy,planarflow,3,1.0,2.71695423126,best_val_loss
447,282.0,684.791778069,energy,planarflow,4,1.0,10.1213779449,best_val_loss
448,212.0,3.63010193466,energy,planarflow,8,1.0,2.82416319847,best_val_loss
449,0.0,inf,energy,planarflow,20,1.0,inf,best_val_loss
450,118.0,0.166859403833,energy,baselinedet,1,0.25,2.91727900505,best_val_loss
451,213.0,0.140125621449,energy,baselinedet,2,0.25,3.03175544739,best_val_loss
452,141.0,0.383378090797,energy,baselinedet,3,0.25,3.68185973167,best_val_loss
453,104.0,0.353480054187,energy,baselinedet,4,0.25,3.84747767448,best_val_loss
454,37.0,0.523396677785,energy,baselinedet,8,0.25,4.06888723373,best_val_loss
455,64.0,0.965153087269,energy,baselinedet,20,0.25,6.07519006729,best_val_loss
456,36.0,0.318449788279,energy,baselinedet,1,0.5,3.18195796013,best_val_loss
457,14.0,0.61750466483,energy,baselinedet,2,0.5,4.14702367783,best_val_loss
458,74.0,0.164326667786,energy,baselinedet,3,0.5,2.66710758209,best_val_loss
459,121.0,0.162006316247,energy,baselinedet,4,0.5,2.95037174225,best_val_loss
460,133.0,0.144263193205,energy,baselinedet,8,0.5,2.78086733818,best_val_loss
461,31.0,0.459485437963,energy,baselinedet,20,0.5,3.81321835518,best_val_loss
462,18.0,0.226147787912,energy,baselinedet,1,1.0,2.8611676693,best_val_loss
463,43.0,0.341245329225,energy,baselinedet,2,1.0,3.45526266098,best_val_loss
464,56.0,0.297385104291,energy,baselinedet,3,1.0,3.35647559166,best_val_loss
465,114.0,-0.0569435528346,energy,baselinedet,4,1.0,2.01318454742,best_val_loss
466,22.0,0.325088872538,energy,baselinedet,8,1.0,3.47672867775,best_val_loss
467,162.0,-0.317991875983,energy,baselinedet,20,1.0,1.65343654156,best_val_loss
468,1.0,124.244680935,energy,radialflow,1,0.25,133.440567017,best_val_loss
469,88.0,13477.4373079,energy,radialflow,2,0.25,73.2933883667,best_val_loss
470,171.0,3119.05072256,energy,radialflow,3,0.25,26.8883285522,best_val_loss
471,5.0,170.110774267,energy,radialflow,4,0.25,31.1259918213,best_val_loss
472,303.0,2.18108468536,energy,radialflow,8,0.25,3.37883543968,best_val_loss
473,0.0,inf,energy,radialflow,20,0.25,inf,best_val_loss
474,1.0,inf,energy,radialflow,1,0.5,102.812797546,best_val_loss
475,12.0,559.147166811,energy,radialflow,2,0.5,57.1848449707,best_val_loss
476,21.0,11.8964299752,energy,radialflow,3,0.5,25.1848182678,best_val_loss
477,17.0,34008.8190062,energy,radialflow,4,0.5,28.846698761,best_val_loss
478,131.0,2.37009813067,energy,radialflow,8,0.5,2.59608054161,best_val_loss
479,0.0,inf,energy,radialflow,20,0.5,inf,best_val_loss
480,1.0,16437.9419101,energy,radialflow,1,1.0,54.7576026917,best_val_loss
481,25.0,36832.264927,energy,radialflow,2,1.0,25.9787750244,best_val_loss
482,4.0,34.7788387324,energy,radialflow,3,1.0,45.3130607605,best_val_loss
483,25.0,3619351.3831,energy,radialflow,4,1.0,56.1839790344,best_val_loss
484,81.0,2.2343408266,energy,radialflow,8,1.0,2.57411241531,best_val_loss
485,0.0,inf,energy,radialflow,20,1.0,inf,best_val_loss
486,16.0,6.30197746253,powerplant,mixture,1,0.25,11.1899700165,best_val_loss
487,363.0,5.7882012713,powerplant,mixture,2,0.25,10.7533512115,best_val_loss
488,403.0,6.07027930376,powerplant,mixture,3,0.25,11.3296175003,best_val_loss
489,13.0,7.65020975175,powerplant,mixture,4,0.25,12.7998418808,best_val_loss
490,281.0,5.60307670761,powerplant,mixture,8,0.25,8.42627811432,best_val_loss
491,308.0,9.1904615763,powerplant,mixture,20,0.25,8.54627132416,best_val_loss
492,199.0,29.5402523348,powerplant,mixture,1,0.5,11.8674564362,best_val_loss
493,150.0,504.233033375,powerplant,mixture,2,0.5,8.70062065125,best_val_loss
494,395.0,7.29308635588,powerplant,mixture,3,0.5,11.4202442169,best_val_loss
495,4.0,8.77717104028,powerplant,mixture,4,0.5,11.4374656677,best_val_loss
496,409.0,1665.81919512,powerplant,mixture,8,0.5,11.487862587,best_val_loss
497,9.0,9.6753728183,powerplant,mixture,20,0.5,18.2974452972,best_val_loss
498,4.0,7.05392293422,powerplant,mixture,1,1.0,8.9335899353,best_val_loss
499,47.0,1665.40793475,powerplant,mixture,2,1.0,67.9636611938,best_val_loss
500,8.0,10.9767130151,powerplant,mixture,3,1.0,12.9688749313,best_val_loss
501,93.0,117.182874339,powerplant,mixture,4,1.0,35.2800369263,best_val_loss
502,4.0,9.52791711056,powerplant,mixture,8,1.0,11.3452453613,best_val_loss
503,16.0,46.2010810557,powerplant,mixture,20,1.0,40.6042060852,best_val_loss
504,10.0,4.93596831733,powerplant,baseline,1,0.25,8.93618583679,best_val_loss
505,7.0,6.16219840852,powerplant,baseline,2,0.25,8.71547222137,best_val_loss
506,271.0,5.87650260008,powerplant,baseline,3,0.25,11.3023042679,best_val_loss
507,10.0,5.4269220398,powerplant,baseline,4,0.25,8.84716129303,best_val_loss
508,260.0,3.80185622133,powerplant,baseline,8,0.25,8.53015708923,best_val_loss
509,202.0,3.72535930382,powerplant,baseline,20,0.25,8.43894767761,best_val_loss
510,202.0,6.87296970411,powerplant,baseline,1,0.5,11.4017066956,best_val_loss
511,188.0,9.80709676234,powerplant,baseline,2,0.5,8.60036277771,best_val_loss
512,196.0,6.05683808043,powerplant,baseline,3,0.5,11.3128538132,best_val_loss
513,8.0,5.18560988726,powerplant,baseline,4,0.5,8.79900836945,best_val_loss
514,204.0,7.00442106273,powerplant,baseline,8,0.5,11.3634710312,best_val_loss
515,8.0,4.92733793348,powerplant,baseline,20,0.5,8.51086521149,best_val_loss
516,4.0,6.84782895972,powerplant,baseline,1,1.0,9.50069236755,best_val_loss
517,4.0,2020.80301194,powerplant,baseline,2,1.0,16.9626140594,best_val_loss
518,4.0,10.5541943717,powerplant,baseline,3,1.0,8.74826049805,best_val_loss
519,3.0,176.071650809,powerplant,baseline,4,1.0,8.83031749725,best_val_loss
520,2.0,5.44337213052,powerplant,baseline,8,1.0,9.16445541382,best_val_loss
521,5.0,27.2666181447,powerplant,baseline,20,1.0,8.64043045044,best_val_loss
522,33.0,4.64927898156,powerplant,planarflowdet,1,0.25,9.00153255463,best_val_loss
523,376.0,3.50945866345,powerplant,planarflowdet,2,0.25,8.41979885101,best_val_loss
524,406.0,3.85735796985,powerplant,planarflowdet,3,0.25,8.46502685547,best_val_loss
525,52.0,6.18367678843,powerplant,planarflowdet,4,0.25,11.5276603699,best_val_loss
526,212.0,15.9093383662,powerplant,planarflowdet,8,0.25,15.1912031174,best_val_loss
527,498.0,4.80451096362,powerplant,planarflowdet,20,0.25,8.56172561646,best_val_loss
528,189.0,412.710148189,powerplant,planarflowdet,1,0.5,8.33576011658,best_val_loss
529,401.0,3.57857482336,powerplant,planarflowdet,2,0.5,8.46637535095,best_val_loss
530,344.0,4.10224798157,powerplant,planarflowdet,3,0.5,8.5397567749,best_val_loss
531,328.0,3.65367899768,powerplant,planarflowdet,4,0.5,8.50733184814,best_val_loss
532,272.0,4.54715887407,powerplant,planarflowdet,8,0.5,8.4162273407,best_val_loss
533,9.0,25.8373684141,powerplant,planarflowdet,20,0.5,1338.07141113,best_val_loss
534,13.0,6.52545083105,powerplant,planarflowdet,1,1.0,8.53640842438,best_val_loss
535,34.0,789.139161687,powerplant,planarflowdet,2,1.0,209.526672363,best_val_loss
536,17.0,18.2430620184,powerplant,planarflowdet,3,1.0,8.58039951324,best_val_loss
537,9.0,93.9646539479,powerplant,planarflowdet,4,1.0,9.69666290283,best_val_loss
538,21.0,10.6855290173,powerplant,planarflowdet,8,1.0,14.5507507324,best_val_loss
539,20.0,21.7323882004,powerplant,planarflowdet,20,1.0,18.8659496307,best_val_loss
540,70.0,3.51064524556,powerplant,baselinedetplus,1,0.25,8.44257545471,best_val_loss
541,108.0,3.57082527185,powerplant,baselinedetplus,2,0.25,8.4917049408,best_val_loss
542,38.0,3.64054974244,powerplant,baselinedetplus,3,0.25,8.45703411102,best_val_loss
543,16.0,3.70216706056,powerplant,baselinedetplus,4,0.25,8.59328174591,best_val_loss
544,33.0,3.6870548324,powerplant,baselinedetplus,8,0.25,8.73742389679,best_val_loss
545,63.0,3.74484855628,powerplant,baselinedetplus,20,0.25,8.66675758362,best_val_loss
546,50.0,3.50948423826,powerplant,baselinedetplus,1,0.5,8.42546272278,best_val_loss
547,50.0,3.54732858624,powerplant,baselinedetplus,2,0.5,8.61867809296,best_val_loss
548,20.0,3.66678427255,powerplant,baselinedetplus,3,0.5,8.48839378357,best_val_loss
549,15.0,3.71175767984,powerplant,baselinedetplus,4,0.5,8.70826148987,best_val_loss
550,20.0,3.6743299271,powerplant,baselinedetplus,8,0.5,8.43412303925,best_val_loss
551,34.0,3.74257730865,powerplant,baselinedetplus,20,0.5,8.55018901825,best_val_loss
552,11.0,3.75047016841,powerplant,baselinedetplus,1,1.0,8.6103849411,best_val_loss
553,8.0,3.72629386878,powerplant,baselinedetplus,2,1.0,8.81906223297,best_val_loss
554,8.0,3.74135711574,powerplant,baselinedetplus,3,1.0,8.82103824615,best_val_loss
555,11.0,3.76123455052,powerplant,baselinedetplus,4,1.0,8.8109254837,best_val_loss
556,11.0,3.69315783781,powerplant,baselinedetplus,8,1.0,8.74285888672,best_val_loss
557,11.0,3.72076792303,powerplant,baselinedetplus,20,1.0,8.69507408142,best_val_loss
558,37.0,4.22556769711,powerplant,radialflowdet,1,0.25,8.49450206757,best_val_loss
559,362.0,3.49252513858,powerplant,radialflowdet,2,0.25,8.38272762299,best_val_loss
560,373.0,3.66997863706,powerplant,radialflowdet,3,0.25,8.34143447876,best_val_loss
561,72.0,4.48025713595,powerplant,radialflowdet,4,0.25,8.57905101776,best_val_loss
562,254.0,3.49251260628,powerplant,radialflowdet,8,0.25,8.41250514984,best_val_loss
563,0.0,inf,powerplant,radialflowdet,20,0.25,inf,best_val_loss
564,241.0,4.20455967695,powerplant,radialflowdet,1,0.5,8.39774703979,best_val_loss
565,209.0,3.54928942833,powerplant,radialflowdet,2,0.5,8.34691524506,best_val_loss
566,279.0,3.7280912489,powerplant,radialflowdet,3,0.5,8.42219638824,best_val_loss
567,271.0,3.52071119924,powerplant,radialflowdet,4,0.5,8.36879825592,best_val_loss
568,5.0,117.505923408,powerplant,radialflowdet,8,0.5,8.51035690308,best_val_loss
569,0.0,inf,powerplant,radialflowdet,20,0.5,inf,best_val_loss
570,7.0,4.64384838331,powerplant,radialflowdet,1,1.0,8.79266357422,best_val_loss
571,52.0,1988.33185344,powerplant,radialflowdet,2,1.0,8.75491523743,best_val_loss
572,5.0,10.287333617,powerplant,radialflowdet,3,1.0,9.03109836578,best_val_loss
573,4.0,207.086534713,powerplant,radialflowdet,4,1.0,9.02669239044,best_val_loss
574,10.0,5.11979906487,powerplant,radialflowdet,8,1.0,8.62367630005,best_val_loss
575,0.0,inf,powerplant,radialflowdet,20,1.0,inf,best_val_loss
576,28.0,7.60053491543,powerplant,baselineplus,1,0.25,9.07975196838,best_val_loss
577,332.0,6.03168266719,powerplant,baselineplus,2,0.25,11.2110395432,best_val_loss
578,385.0,7.12185448913,powerplant,baselineplus,3,0.25,11.3500242233,best_val_loss
579,26.0,11.0393510298,powerplant,baselineplus,4,0.25,13.1065645218,best_val_loss
580,319.0,4.97041714627,powerplant,baselineplus,8,0.25,8.49608325958,best_val_loss
581,319.0,6.144339407,powerplant,baselineplus,20,0.25,8.55776309967,best_val_loss
582,259.0,9.99652335586,powerplant,baselineplus,1,0.5,11.4269828796,best_val_loss
583,199.0,10.6223792512,powerplant,baselineplus,2,0.5,8.44405651093,best_val_loss
584,211.0,7.94270731289,powerplant,baselineplus,3,0.5,11.3349571228,best_val_loss
585,235.0,11.2956456231,powerplant,baselineplus,4,0.5,8.52386188507,best_val_loss
586,233.0,28.54756839,powerplant,baselineplus,8,0.5,11.3365783691,best_val_loss
587,19.0,31.8970374543,powerplant,baselineplus,20,0.5,28.157119751,best_val_loss
588,5.0,8.76294634111,powerplant,baselineplus,1,1.0,9.21145057678,best_val_loss
589,3.0,7649.94783605,powerplant,baselineplus,2,1.0,33.1192436218,best_val_loss
590,7.0,39.5564952121,powerplant,baselineplus,3,1.0,10.9990921021,best_val_loss
591,3.0,1999.61224958,powerplant,baselineplus,4,1.0,27.6763858795,best_val_loss
592,7.0,24.5490954807,powerplant,baselineplus,8,1.0,18.1148281097,best_val_loss
593,7.0,857.879505249,powerplant,baselineplus,20,1.0,28.6811237335,best_val_loss
594,17.0,6.34079122992,powerplant,planarflow,1,0.25,9.42988967896,best_val_loss
595,377.0,5.7857109875,powerplant,planarflow,2,0.25,11.2388315201,best_val_loss
596,323.0,6.36537264482,powerplant,planarflow,3,0.25,11.3115186691,best_val_loss
597,37.0,7.65409253159,powerplant,planarflow,4,0.25,9.63499069214,best_val_loss
598,494.0,3.82151658906,powerplant,planarflow,8,0.25,8.49847793579,best_val_loss
599,0.0,inf,powerplant,planarflow,20,0.25,inf,best_val_loss
600,281.0,7.09563973007,powerplant,planarflow,1,0.5,11.4535312653,best_val_loss
601,222.0,10.2829610253,powerplant,planarflow,2,0.5,8.40553665161,best_val_loss
602,237.0,6.12816642992,powerplant,planarflow,3,0.5,11.4107017517,best_val_loss
603,241.0,10.9053637466,powerplant,planarflow,4,0.5,8.48842906952,best_val_loss
604,283.0,9.9190585815,powerplant,planarflow,8,0.5,11.3368062973,best_val_loss
605,0.0,inf,powerplant,planarflow,20,0.5,inf,best_val_loss
606,2.0,9.92954923018,powerplant,planarflow,1,1.0,13.1694602966,best_val_loss
607,3.0,2821.75114902,powerplant,planarflow,2,1.0,21.0911426544,best_val_loss
608,10.0,23.2076435149,powerplant,planarflow,3,1.0,9.86669158936,best_val_loss
609,21.0,629.538219615,powerplant,planarflow,4,1.0,35.3958969116,best_val_loss
610,19.0,28.4824320794,powerplant,planarflow,8,1.0,13.5853996277,best_val_loss
611,0.0,inf,powerplant,planarflow,20,1.0,inf,best_val_loss
612,97.0,3.48254279732,powerplant,baselinedet,1,0.25,8.54378795624,best_val_loss
613,97.0,3.46736117914,powerplant,baselinedet,2,0.25,8.39424037933,best_val_loss
614,106.0,3.48238335333,powerplant,baselinedet,3,0.25,8.35512447357,best_val_loss
615,89.0,3.46973829758,powerplant,baselinedet,4,0.25,8.40361785889,best_val_loss
616,89.0,3.48470485771,powerplant,baselinedet,8,0.25,8.38484287262,best_val_loss
617,89.0,3.4692199133,powerplant,baselinedet,20,0.25,8.37483882904,best_val_loss
618,98.0,3.46247607065,powerplant,baselinedet,1,0.5,8.40870380402,best_val_loss
619,53.0,3.48305812027,powerplant,baselinedet,2,0.5,8.43432235718,best_val_loss
620,50.0,3.4819371653,powerplant,baselinedet,3,0.5,8.50128364563,best_val_loss
621,66.0,3.47082736375,powerplant,baselinedet,4,0.5,8.33124351501,best_val_loss
622,66.0,3.47631019584,powerplant,baselinedet,8,0.5,8.31998920441,best_val_loss
623,4.0,3.70665470709,powerplant,baselinedet,20,0.5,8.5172328949,best_val_loss
624,11.0,3.77658096999,powerplant,baselinedet,1,1.0,8.67870426178,best_val_loss
625,11.0,3.7381557357,powerplant,baselinedet,2,1.0,8.55319213867,best_val_loss
626,3.0,3.69232311667,powerplant,baselinedet,3,1.0,8.46811103821,best_val_loss
627,3.0,3.72938733714,powerplant,baselinedet,4,1.0,8.65278148651,best_val_loss
628,1.0,3.70157801071,powerplant,baselinedet,8,1.0,8.45355892181,best_val_loss
629,2.0,3.71798594444,powerplant,baselinedet,20,1.0,8.66903686523,best_val_loss
630,1.0,51779.3512693,powerplant,radialflow,1,0.25,50.563785553,best_val_loss
631,48.0,114.916564926,powerplant,radialflow,2,0.25,11.9972829819,best_val_loss
632,0.0,inf,powerplant,radialflow,3,0.25,inf,best_val_loss
633,1.0,22.7483193558,powerplant,radialflow,4,0.25,11.9502363205,best_val_loss
634,175.0,3.72645559442,powerplant,radialflow,8,0.25,8.37866973877,best_val_loss
635,0.0,inf,powerplant,radialflow,20,0.25,inf,best_val_loss
636,1.0,3181.11481278,powerplant,radialflow,1,0.5,22.4997215271,best_val_loss
637,1.0,506.908833659,powerplant,radialflow,2,0.5,20.7002849579,best_val_loss
638,30.0,730.01335276,powerplant,radialflow,3,0.5,14.4810094833,best_val_loss
639,13.0,349.791579772,powerplant,radialflow,4,0.5,17.0029201508,best_val_loss
640,2.0,49.4302949617,powerplant,radialflow,8,0.5,11.5741853714,best_val_loss
641,0.0,inf,powerplant,radialflow,20,0.5,inf,best_val_loss
642,0.0,inf,powerplant,radialflow,1,1.0,inf,best_val_loss
643,1.0,1776.65547052,powerplant,radialflow,2,1.0,10.8317813873,best_val_loss
644,0.0,inf,powerplant,radialflow,3,1.0,inf,best_val_loss
645,1.0,8982.42866542,powerplant,radialflow,4,1.0,14.3907871246,best_val_loss
646,8.0,4.50313343447,powerplant,radialflow,8,1.0,8.7298412323,best_val_loss
647,0.0,inf,powerplant,radialflow,20,1.0,inf,best_val_loss
648,150.0,12.1288965737,kin8nm,mixture,1,0.25,0.270806610584,best_val_loss
649,602.0,12.1447925102,kin8nm,mixture,2,0.25,0.169248402119,best_val_loss
650,7.0,3.43100943216,kin8nm,mixture,3,0.25,0.495470613241,best_val_loss
651,32.0,6.07534492307,kin8nm,mixture,4,0.25,0.444036066532,best_val_loss
652,21.0,2.75935631729,kin8nm,mixture,8,0.25,0.359623789787,best_val_loss
653,14.0,8.1568928044,kin8nm,mixture,20,0.25,0.447846472263,best_val_loss
654,8.0,11.5081535525,kin8nm,mixture,1,0.5,0.211644619703,best_val_loss
655,116.0,97.8306639136,kin8nm,mixture,2,0.5,0.134883701801,best_val_loss
656,49.0,60.2868804932,kin8nm,mixture,3,0.5,0.148315548897,best_val_loss
657,14.0,28.2873716773,kin8nm,mixture,4,0.5,1.37384176254,best_val_loss
658,57.0,7.57838313405,kin8nm,mixture,8,0.5,0.155266165733,best_val_loss
659,13.0,3.51991588313,kin8nm,mixture,20,0.5,0.698231101036,best_val_loss
660,3.0,3.92288059142,kin8nm,mixture,1,1.0,0.370412796736,best_val_loss
661,23.0,28046.2764035,kin8nm,mixture,2,1.0,1.91156554222,best_val_loss
662,17.0,9.88485673114,kin8nm,mixture,3,1.0,2.0227329731,best_val_loss
663,66.0,135961.478963,kin8nm,mixture,4,1.0,9.08615112305,best_val_loss
664,6.0,9.81319014386,kin8nm,mixture,8,1.0,0.730907380581,best_val_loss
665,,,kin8nm,mixture,20,1.0,,best_val_loss
666,961.0,1.68424057379,kin8nm,baseline,1,0.25,0.285927385092,best_val_loss
667,614.0,1.45982688346,kin8nm,baseline,2,0.25,0.145225062966,best_val_loss
668,22.0,2.32954250429,kin8nm,baseline,3,0.25,0.269085288048,best_val_loss
669,16.0,2.44302107648,kin8nm,baseline,4,0.25,0.234380021691,best_val_loss
670,26.0,2.48419889124,kin8nm,baseline,8,0.25,0.239822268486,best_val_loss
671,20.0,2.76047281405,kin8nm,baseline,20,0.25,0.235551059246,best_val_loss
672,3.0,25.8615487448,kin8nm,baseline,1,0.5,0.330430269241,best_val_loss
673,52.0,83.0059664843,kin8nm,baseline,2,0.5,0.126234725118,best_val_loss
674,64.0,82.8527075046,kin8nm,baseline,3,0.5,0.129555493593,best_val_loss
675,6.0,15.8271587093,kin8nm,baseline,4,0.5,0.235959738493,best_val_loss
676,9.0,4.20191620617,kin8nm,baseline,8,0.5,0.209206029773,best_val_loss
677,7.0,2.97461376655,kin8nm,baseline,20,0.5,0.285959333181,best_val_loss
678,5.0,3.29379019388,kin8nm,baseline,1,1.0,0.26009708643,best_val_loss
679,36.0,30214.3395764,kin8nm,baseline,2,1.0,1.18324422836,best_val_loss
680,4.0,5.93131401248,kin8nm,baseline,3,1.0,0.247325256467,best_val_loss
681,3.0,241951.216615,kin8nm,baseline,4,1.0,1.33306884766,best_val_loss
682,8.0,6.4312167284,kin8nm,baseline,8,1.0,0.191178917885,best_val_loss
683,,,kin8nm,baseline,20,1.0,,best_val_loss
684,156.0,6.33657583841,kin8nm,planarflowdet,1,0.25,0.14924697578,best_val_loss
685,89.0,1.42877628978,kin8nm,planarflowdet,2,0.25,0.1324544698,best_val_loss
686,46.0,2.61276066478,kin8nm,planarflowdet,3,0.25,0.259910225868,best_val_loss
687,72.0,5.04143840511,kin8nm,planarflowdet,4,0.25,0.435364544392,best_val_loss
688,96.0,8.74381192835,kin8nm,planarflowdet,8,0.25,0.190636709332,best_val_loss
689,94.0,2.97318993545,kin8nm,planarflowdet,20,0.25,0.370116591454,best_val_loss
690,4.0,17.2084188322,kin8nm,planarflowdet,1,0.5,0.33931401372,best_val_loss
691,65.0,10.2300077113,kin8nm,planarflowdet,2,0.5,0.142758205533,best_val_loss
692,113.0,6.56238150248,kin8nm,planarflowdet,3,0.5,0.152798548341,best_val_loss
693,31.0,14.919704828,kin8nm,planarflowdet,4,0.5,0.341765254736,best_val_loss
694,39.0,3.79125217345,kin8nm,planarflowdet,8,0.5,0.294655650854,best_val_loss
695,43.0,8.47742175591,kin8nm,planarflowdet,20,0.5,0.331543475389,best_val_loss
696,15.0,4.25741071003,kin8nm,planarflowdet,1,1.0,0.392468363047,best_val_loss
697,4.0,30700.4916671,kin8nm,planarflowdet,2,1.0,0.591855943203,best_val_loss
698,8.0,7.32748532179,kin8nm,planarflowdet,3,1.0,0.479904979467,best_val_loss
699,21.0,238293.071866,kin8nm,planarflowdet,4,1.0,3.53140187263,best_val_loss
700,16.0,9.19219702744,kin8nm,planarflowdet,8,1.0,0.923678636551,best_val_loss
701,,,kin8nm,planarflowdet,20,1.0,,best_val_loss
702,86.0,0.543635484649,kin8nm,baselinedetplus,1,0.25,0.113057568669,best_val_loss
703,81.0,0.490279816418,kin8nm,baselinedetplus,2,0.25,0.106810107827,best_val_loss
704,92.0,0.543380402356,kin8nm,baselinedetplus,3,0.25,0.112201213837,best_val_loss
705,88.0,0.61140166492,kin8nm,baselinedetplus,4,0.25,0.120159693062,best_val_loss
706,128.0,0.519587260921,kin8nm,baselinedetplus,8,0.25,0.112131088972,best_val_loss
707,122.0,0.559473809963,kin8nm,baselinedetplus,20,0.25,0.11790458858,best_val_loss
708,84.0,0.400036137278,kin8nm,baselinedetplus,1,0.5,0.0962422341108,best_val_loss
709,44.0,0.414125433201,kin8nm,baselinedetplus,2,0.5,0.0982813686132,best_val_loss
710,43.0,0.406608953709,kin8nm,baselinedetplus,3,0.5,0.101038336754,best_val_loss
711,84.0,0.428852695372,kin8nm,baselinedetplus,4,0.5,0.100154221058,best_val_loss
712,65.0,0.413586090832,kin8nm,baselinedetplus,8,0.5,0.10241920501,best_val_loss
713,27.0,1.72431253573,kin8nm,baselinedetplus,20,0.5,0.264586806297,best_val_loss
714,4.0,1.01321857732,kin8nm,baselinedetplus,1,1.0,0.186216786504,best_val_loss
715,6.0,1.07253023473,kin8nm,baselinedetplus,2,1.0,0.192582830787,best_val_loss
716,41.0,1.17597552044,kin8nm,baselinedetplus,3,1.0,0.220081046224,best_val_loss
717,8.0,1.23705905821,kin8nm,baselinedetplus,4,1.0,0.232685208321,best_val_loss
718,24.0,1.30297524057,kin8nm,baselinedetplus,8,1.0,0.248923167586,best_val_loss
719,,,kin8nm,baselinedetplus,20,1.0,,best_val_loss
720,135.0,6.41113069116,kin8nm,radialflowdet,1,0.25,0.101933427155,best_val_loss
721,48.0,1.9376768903,kin8nm,radialflowdet,2,0.25,0.10720641166,best_val_loss
722,28.0,1.65251010802,kin8nm,radialflowdet,3,0.25,0.18262322247,best_val_loss
723,4.0,4.61125465951,kin8nm,radialflowdet,4,0.25,0.197091326118,best_val_loss
724,35.0,1.34598016506,kin8nm,radialflowdet,8,0.25,0.16595493257,best_val_loss
725,0.0,inf,kin8nm,radialflowdet,20,0.25,inf,best_val_loss
726,4.0,31.4628775992,kin8nm,radialflowdet,1,0.5,0.185927167535,best_val_loss
727,34.0,138.56667875,kin8nm,radialflowdet,2,0.5,0.112989895046,best_val_loss
728,40.0,118.848475535,kin8nm,radialflowdet,3,0.5,0.105871208012,best_val_loss
729,8.0,27.1458223669,kin8nm,radialflowdet,4,0.5,0.163269340992,best_val_loss
730,5.0,5.07728524557,kin8nm,radialflowdet,8,0.5,0.218376278877,best_val_loss
731,0.0,inf,kin8nm,radialflowdet,20,0.5,inf,best_val_loss
732,11.0,2.01682218226,kin8nm,radialflowdet,1,1.0,0.217111259699,best_val_loss
733,21.0,32910.609944,kin8nm,radialflowdet,2,1.0,0.290068179369,best_val_loss
734,4.0,5.50431168719,kin8nm,radialflowdet,3,1.0,0.19877037406,best_val_loss
735,5.0,178898.500064,kin8nm,radialflowdet,4,1.0,0.179313033819,best_val_loss
736,0.0,inf,kin8nm,radialflowdet,8,1.0,inf,best_val_loss
737,,,kin8nm,radialflowdet,20,1.0,,best_val_loss
738,108.0,17.528684737,kin8nm,baselineplus,1,0.25,0.269766688347,best_val_loss
739,789.0,1.72038254156,kin8nm,baselineplus,2,0.25,0.146459788084,best_val_loss
740,23.0,4.62475660371,kin8nm,baselineplus,3,0.25,0.630067288876,best_val_loss
741,46.0,13.1936621689,kin8nm,baselineplus,4,0.25,0.266995310783,best_val_loss
742,30.0,6.69116836176,kin8nm,baselineplus,8,0.25,0.819170117378,best_val_loss
743,21.0,41.9083984375,kin8nm,baselineplus,20,0.25,0.908298969269,best_val_loss
744,6.0,21.3516272568,kin8nm,baselineplus,1,0.5,0.290652871132,best_val_loss
745,60.0,212.154915563,kin8nm,baselineplus,2,0.5,0.137817665935,best_val_loss
746,95.0,275.264000721,kin8nm,baselineplus,3,0.5,0.141490504146,best_val_loss
747,8.0,59.6372155166,kin8nm,baselineplus,4,0.5,0.365101397038,best_val_loss
748,14.0,26.2396398033,kin8nm,baselineplus,8,0.5,0.58944940567,best_val_loss
749,22.0,29.6920648342,kin8nm,baselineplus,20,0.5,1.4968546629,best_val_loss
750,7.0,7.30547023866,kin8nm,baselineplus,1,1.0,0.319328993559,best_val_loss
751,4.0,141961.033791,kin8nm,baselineplus,2,1.0,1.61630356312,best_val_loss
752,7.0,21.3197231386,kin8nm,baselineplus,3,1.0,0.390918821096,best_val_loss
753,4.0,2151934.47694,kin8nm,baselineplus,4,1.0,3.57568597794,best_val_loss
754,5.0,49.350110161,kin8nm,baselineplus,8,1.0,0.870016217232,best_val_loss
755,,,kin8nm,baselineplus,20,1.0,,best_val_loss
756,124.0,10.1065848002,kin8nm,planarflow,1,0.25,0.270661771297,best_val_loss
757,44.0,8.13794801293,kin8nm,planarflow,2,0.25,0.179977342486,best_val_loss
758,28.0,5.75216630145,kin8nm,planarflow,3,0.25,1.70823383331,best_val_loss
759,35.0,4.07270850205,kin8nm,planarflow,4,0.25,0.305033802986,best_val_loss
760,67.0,9.52468991163,kin8nm,planarflow,8,0.25,0.288778364658,best_val_loss
761,0.0,inf,kin8nm,planarflow,20,0.25,inf,best_val_loss
762,10.0,23.5804903356,kin8nm,planarflow,1,0.5,0.307976454496,best_val_loss
763,71.0,129.390126745,kin8nm,planarflow,2,0.5,0.186011388898,best_val_loss
764,71.0,172.26531119,kin8nm,planarflow,3,0.5,0.161435335875,best_val_loss
765,14.0,65.4817445336,kin8nm,planarflow,4,0.5,0.286528885365,best_val_loss
766,46.0,13.7541108666,kin8nm,planarflow,8,0.5,0.18159866333,best_val_loss
767,0.0,inf,kin8nm,planarflow,20,0.5,inf,best_val_loss
768,23.0,5.24637510718,kin8nm,planarflow,1,1.0,1.1670498848,best_val_loss
769,18.0,58171.8396776,kin8nm,planarflow,2,1.0,3.34975886345,best_val_loss
770,9.0,16.1519952541,kin8nm,planarflow,3,1.0,0.672383368015,best_val_loss
771,2.0,959202.90404,kin8nm,planarflow,4,1.0,3.5443854332,best_val_loss
772,12.0,46.2918626739,kin8nm,planarflow,8,1.0,0.425413966179,best_val_loss
773,,,kin8nm,planarflow,20,1.0,,best_val_loss
774,374.0,0.436565157262,kin8nm,baselinedet,1,0.25,0.102673694491,best_val_loss
775,86.0,0.484888662943,kin8nm,baselinedet,2,0.25,0.106877267361,best_val_loss
776,54.0,0.465053502525,kin8nm,baselinedet,3,0.25,0.106857851148,best_val_loss
777,54.0,0.471884043624,kin8nm,baselinedet,4,0.25,0.105904594064,best_val_loss
778,54.0,0.50280110429,kin8nm,baselinedet,8,0.25,0.109789326787,best_val_loss
779,82.0,0.453184211545,kin8nm,baselinedet,20,0.25,0.10228857398,best_val_loss
780,88.0,0.307558199254,kin8nm,baselinedet,1,0.5,0.0928490906954,best_val_loss
781,86.0,0.350719023914,kin8nm,baselinedet,2,0.5,0.0935780704021,best_val_loss
782,16.0,0.487557276284,kin8nm,baselinedet,3,0.5,0.109074220061,best_val_loss
783,48.0,0.376280770651,kin8nm,baselinedet,4,0.5,0.0989905968308,best_val_loss
784,51.0,0.370003342047,kin8nm,baselinedet,8,0.5,0.0975334644318,best_val_loss
785,13.0,0.80698398497,kin8nm,baselinedet,20,0.5,0.14826926589,best_val_loss
786,2.0,0.972282074719,kin8nm,baselinedet,1,1.0,0.17838473618,best_val_loss
787,41.0,1.17597358518,kin8nm,baselinedet,2,1.0,0.216470956802,best_val_loss
788,5.0,0.98779654154,kin8nm,baselinedet,3,1.0,0.178686365485,best_val_loss
789,2.0,1.15283902796,kin8nm,baselinedet,4,1.0,0.203664600849,best_val_loss
790,14.0,0.817999342011,kin8nm,baselinedet,8,1.0,0.153838023543,best_val_loss
791,,,kin8nm,baselinedet,20,1.0,,best_val_loss
792,1.0,995.2277804,kin8nm,radialflow,1,0.25,0.841551244259,best_val_loss
793,1.0,194.829030987,kin8nm,radialflow,2,0.25,1.53013443947,best_val_loss
794,0.0,inf,kin8nm,radialflow,3,0.25,inf,best_val_loss
795,8.0,143563.776975,kin8nm,radialflow,4,0.25,0.870201826096,best_val_loss
796,58.0,1.60949422443,kin8nm,radialflow,8,0.25,0.217764362693,best_val_loss
797,0.0,inf,kin8nm,radialflow,20,0.25,inf,best_val_loss
798,0.0,inf,kin8nm,radialflow,1,0.5,inf,best_val_loss
799,1.0,740.412967376,kin8nm,radialflow,2,0.5,1.06648695469,best_val_loss
800,0.0,inf,kin8nm,radialflow,3,0.5,inf,best_val_loss
801,0.0,inf,kin8nm,radialflow,4,0.5,inf,best_val_loss
802,3.0,2.14996255059,kin8nm,radialflow,8,0.5,0.264019727707,best_val_loss
803,0.0,inf,kin8nm,radialflow,20,0.5,inf,best_val_loss
804,0.0,inf,kin8nm,radialflow,1,1.0,inf,best_val_loss
805,0.0,inf,kin8nm,radialflow,2,1.0,inf,best_val_loss
806,0.0,inf,kin8nm,radialflow,3,1.0,inf,best_val_loss
807,0.0,inf,kin8nm,radialflow,4,1.0,inf,best_val_loss
808,0.0,inf,kin8nm,radialflow,8,1.0,inf,best_val_loss
809,,,kin8nm,radialflow,20,1.0,,best_val_loss
810,498.0,3.47557010651,winered,mixture,1,0.25,1.0266443491,best_val_loss
811,344.0,1550.83540802,winered,mixture,2,0.25,1.33405184746,best_val_loss
812,433.0,875.396316719,winered,mixture,3,0.25,1.12405741215,best_val_loss
813,476.0,224.451057053,winered,mixture,4,0.25,1.14323830605,best_val_loss
814,22.0,7917093.4125,winered,mixture,8,0.25,15.3194255829,best_val_loss
815,0.0,inf,winered,mixture,20,0.25,inf,best_val_loss
816,489.0,22375.4249146,winered,mixture,1,0.5,3.55255675316,best_val_loss
817,218.0,587389.867358,winered,mixture,2,0.5,8.77489852905,best_val_loss
818,86.0,179.008084106,winered,mixture,3,0.5,14.9547195435,best_val_loss
819,71.0,3526.2703125,winered,mixture,4,0.5,16.7100353241,best_val_loss
820,14.0,17780.1199219,winered,mixture,8,0.5,13.1940145493,best_val_loss
821,4.0,835004.416699,winered,mixture,20,0.5,11.7828397751,best_val_loss
822,611.0,4707.74255524,winered,mixture,1,1.0,2.08295845985,best_val_loss
823,196.0,79273.5811554,winered,mixture,2,1.0,7.74641418457,best_val_loss
824,360.0,2743286.30322,winered,mixture,3,1.0,6.14102697372,best_val_loss
825,234.0,1714.52120361,winered,mixture,4,1.0,8.38949489594,best_val_loss
826,5.0,965885.270288,winered,mixture,8,1.0,15.8364429474,best_val_loss
827,35.0,7022194.04238,winered,mixture,20,1.0,12.6878461838,best_val_loss
828,1096.0,5.1730846405,winered,baseline,1,0.25,0.811894536018,best_val_loss
829,666.0,3.1751001358,winered,baseline,2,0.25,0.957608938217,best_val_loss
830,612.0,2.78915472031,winered,baseline,3,0.25,0.893480360508,best_val_loss
831,578.0,3.20974655151,winered,baseline,4,0.25,1.03810739517,best_val_loss
832,495.0,1928795.41164,winered,baseline,8,0.25,5.96747112274,best_val_loss
833,291.0,592060.189752,winered,baseline,20,0.25,9.14313316345,best_val_loss
834,1089.0,454.034936428,winered,baseline,1,0.5,0.82420450449,best_val_loss
835,847.0,19483.3212194,winered,baseline,2,0.5,1.10258615017,best_val_loss
836,153.0,311.454431152,winered,baseline,3,0.5,10.2336215973,best_val_loss
837,0.0,inf,winered,baseline,4,0.5,inf,best_val_loss
838,965.0,108.687608147,winered,baseline,8,0.5,0.958531498909,best_val_loss
839,827.0,21628.3252653,winered,baseline,20,0.5,1.04448699951,best_val_loss
840,616.0,2614.50614967,winered,baseline,1,1.0,0.935517787933,best_val_loss
841,961.0,6.13106842041,winered,baseline,2,1.0,0.858957409859,best_val_loss
842,743.0,31045.1713938,winered,baseline,3,1.0,0.87816542387,best_val_loss
843,675.0,11.1128901482,winered,baseline,4,1.0,0.829514324665,best_val_loss
844,859.0,1184.49992599,winered,baseline,8,1.0,0.837084054947,best_val_loss
845,676.0,116619.570401,winered,baseline,20,1.0,1.11424171925,best_val_loss
846,105.0,142.866177368,winered,planarflowdet,1,0.25,16.5535697937,best_val_loss
847,813.0,2034.65567017,winered,planarflowdet,2,0.25,4.3983206749,best_val_loss
848,574.0,2408.66175537,winered,planarflowdet,3,0.25,7.95728349686,best_val_loss
849,429.0,41936.0987305,winered,planarflowdet,4,0.25,27.4880924225,best_val_loss
850,410.0,5179840.56953,winered,planarflowdet,8,0.25,170.713012695,best_val_loss
851,76.0,2161846822.6,winered,planarflowdet,20,0.25,32273.0742188,best_val_loss
852,527.0,14006.0821907,winered,planarflowdet,1,0.5,3.55590963364,best_val_loss
853,659.0,65117.8733124,winered,planarflowdet,2,0.5,3.50522017479,best_val_loss
854,156.0,2663.32098389,winered,planarflowdet,3,0.5,56.553024292,best_val_loss
855,170.0,3531.82744141,winered,planarflowdet,4,0.5,69.7963180542,best_val_loss
856,342.0,16604.6769531,winered,planarflowdet,8,0.5,35.4636154175,best_val_loss
857,1091.0,16711.5379486,winered,planarflowdet,20,0.5,16.9683094025,best_val_loss
858,831.0,52.3563489914,winered,planarflowdet,1,1.0,0.922520279884,best_val_loss
859,980.0,50.2902130127,winered,planarflowdet,2,1.0,1.24831330776,best_val_loss
860,959.0,1772.195158,winered,planarflowdet,3,1.0,1.63127636909,best_val_loss
861,128.0,5144.07382812,winered,planarflowdet,4,1.0,36.2528190613,best_val_loss
862,971.0,360.700440216,winered,planarflowdet,8,1.0,3.452647686,best_val_loss
863,901.0,7571.02011147,winered,planarflowdet,20,1.0,8.32491779327,best_val_loss
864,80.0,2.7773311615,winered,baselinedetplus,1,0.25,3.02345585823,best_val_loss
865,225.0,15.5676422119,winered,baselinedetplus,2,0.25,2.9716053009,best_val_loss
866,181.0,5.83998985291,winered,baselinedetplus,3,0.25,3.99815011024,best_val_loss
867,139.0,6.10640411377,winered,baselinedetplus,4,0.25,4.84341144562,best_val_loss
868,316.0,23.1022903442,winered,baselinedetplus,8,0.25,7.61296844482,best_val_loss
869,832.0,17.1091903687,winered,baselinedetplus,20,0.25,10.9115314484,best_val_loss
870,155.0,3.36563415527,winered,baselinedetplus,1,0.5,2.74665856361,best_val_loss
871,115.0,3.32595024109,winered,baselinedetplus,2,0.5,2.92353224754,best_val_loss
872,145.0,3.39198303223,winered,baselinedetplus,3,0.5,3.62141013145,best_val_loss
873,119.0,3.4614364624,winered,baselinedetplus,4,0.5,4.02930831909,best_val_loss
874,172.0,6.08351211548,winered,baselinedetplus,8,0.5,4.3294172287,best_val_loss
875,196.0,13.4168151855,winered,baselinedetplus,20,0.5,8.98886966705,best_val_loss
876,142.0,2.16864948273,winered,baselinedetplus,1,1.0,1.61917555332,best_val_loss
877,204.0,2.31615619659,winered,baselinedetplus,2,1.0,1.98025155067,best_val_loss
878,125.0,3.02368164062,winered,baselinedetplus,3,1.0,2.50834751129,best_val_loss
879,92.0,3.13800945282,winered,baselinedetplus,4,1.0,3.00700235367,best_val_loss
880,178.0,4.81442947388,winered,baselinedetplus,8,1.0,3.92562508583,best_val_loss
881,375.0,4.71359672546,winered,baselinedetplus,20,1.0,5.86972999573,best_val_loss
882,628.0,1.70857553482,winered,radialflowdet,1,0.25,0.85737746954,best_val_loss
883,634.0,2.30612945557,winered,radialflowdet,2,0.25,0.666013598442,best_val_loss
884,697.0,2.70071792603,winered,radialflowdet,3,0.25,0.837167739868,best_val_loss
885,205.0,91834.9008301,winered,radialflowdet,4,0.25,5.3410987854,best_val_loss
886,180.0,4328592.78788,winered,radialflowdet,8,0.25,4.85341739655,best_val_loss
887,0.0,inf,winered,radialflowdet,20,0.25,inf,best_val_loss
888,660.0,9574.65456581,winered,radialflowdet,1,0.5,0.935915648937,best_val_loss
889,375.0,218201.521061,winered,radialflowdet,2,0.5,1.25281250477,best_val_loss
890,509.0,8.73224630356,winered,radialflowdet,3,0.5,0.750810921192,best_val_loss
891,824.0,109.505071354,winered,radialflowdet,4,0.5,0.715539813042,best_val_loss
892,171.0,8814.9118145,winered,radialflowdet,8,0.5,1.4510948658,best_val_loss
893,0.0,inf,winered,radialflowdet,20,0.5,inf,best_val_loss
894,1074.0,1.77876844406,winered,radialflowdet,1,1.0,0.662081182003,best_val_loss
895,672.0,1190.98842831,winered,radialflowdet,2,1.0,0.679899871349,best_val_loss
896,850.0,18930.626041,winered,radialflowdet,3,1.0,0.623405456543,best_val_loss
897,543.0,174.649896145,winered,radialflowdet,4,1.0,0.635068893433,best_val_loss
898,364.0,118630.630187,winered,radialflowdet,8,1.0,0.680952787399,best_val_loss
899,0.0,inf,winered,radialflowdet,20,1.0,inf,best_val_loss
900,659.0,2.55454549789,winered,baselineplus,1,0.25,0.898141205311,best_val_loss
901,717.0,8.48571910858,winered,baselineplus,2,0.25,1.13686966896,best_val_loss
902,547.0,553.529914284,winered,baselineplus,3,0.25,1.14832866192,best_val_loss
903,652.0,4.76564722061,winered,baselineplus,4,0.25,0.867603242397,best_val_loss
904,2048.0,163361.889796,winered,baselineplus,8,0.25,1.11624276638,best_val_loss
905,2204.0,8136.55402126,winered,baselineplus,20,0.25,0.927863001823,best_val_loss
906,1023.0,3361.05190735,winered,baselineplus,1,0.5,0.951907098293,best_val_loss
907,1237.0,7054.74448719,winered,baselineplus,2,0.5,0.945527434349,best_val_loss
908,20.0,1297.84445801,winered,baselineplus,3,0.5,35.698097229,best_val_loss
909,1764.0,2.45157842636,winered,baselineplus,4,0.5,0.860993742943,best_val_loss
910,1361.0,141.087483597,winered,baselineplus,8,0.5,1.04227435589,best_val_loss
911,1781.0,267.635508251,winered,baselineplus,20,0.5,0.891222119331,best_val_loss
912,956.0,384.079258251,winered,baselineplus,1,1.0,0.811767816544,best_val_loss
913,1068.0,63.8815851212,winered,baselineplus,2,1.0,0.847918272018,best_val_loss
914,971.0,18989.2952139,winered,baselineplus,3,1.0,0.843680560589,best_val_loss
915,1011.0,12.698935318,winered,baselineplus,4,1.0,1.06550574303,best_val_loss
916,1240.0,63.4811156273,winered,baselineplus,8,1.0,0.858502745628,best_val_loss
917,1401.0,158.52745285,winered,baselineplus,20,1.0,0.811163187027,best_val_loss
918,562.0,256.083671761,winered,planarflow,1,0.25,1.6769143343,best_val_loss
919,408.0,181796.484741,winered,planarflow,2,0.25,3.64186453819,best_val_loss
920,654.0,117008.426364,winered,planarflow,3,0.25,12.92304039,best_val_loss
921,675.0,63436.6666992,winered,planarflow,4,0.25,13.0202217102,best_val_loss
922,653.0,4073754.05523,winered,planarflow,8,0.25,12.9547662735,best_val_loss
923,0.0,inf,winered,planarflow,20,0.25,inf,best_val_loss
924,9.0,225984.464062,winered,planarflow,1,0.5,84.8013458252,best_val_loss
925,452.0,431666.452814,winered,planarflow,2,0.5,13.7092695236,best_val_loss
926,222.0,918.166625977,winered,planarflow,3,0.5,26.8202571869,best_val_loss
927,567.0,1196.21076508,winered,planarflow,4,0.5,10.3894357681,best_val_loss
928,15.0,5935957.125,winered,planarflow,8,0.5,7648.49023438,best_val_loss
929,0.0,inf,winered,planarflow,20,0.5,inf,best_val_loss
930,971.0,560.705424881,winered,planarflow,1,1.0,0.993549108505,best_val_loss
931,828.0,5781.87039165,winered,planarflow,2,1.0,1.70722866058,best_val_loss
932,650.0,960291.510696,winered,planarflow,3,1.0,5.76865768433,best_val_loss
933,551.0,1630.35452118,winered,planarflow,4,1.0,9.05828285217,best_val_loss
934,294.0,804157.283588,winered,planarflow,8,1.0,17.2279033661,best_val_loss
935,0.0,inf,winered,planarflow,20,1.0,inf,best_val_loss
936,172.0,2.04874973297,winered,baselinedet,1,0.25,1.45519590378,best_val_loss
937,187.0,1.96236591339,winered,baselinedet,2,0.25,1.42649328709,best_val_loss
938,128.0,1.9148765564,winered,baselinedet,3,0.25,1.36005747318,best_val_loss
939,171.0,1.85386505127,winered,baselinedet,4,0.25,1.27583968639,best_val_loss
940,223.0,2.34456233978,winered,baselinedet,8,0.25,1.59822547436,best_val_loss
941,267.0,2.32159671783,winered,baselinedet,20,0.25,1.87406933308,best_val_loss
942,227.0,1.97754650116,winered,baselinedet,1,0.5,1.16727364063,best_val_loss
943,254.0,2.08912982941,winered,baselinedet,2,0.5,1.62098681927,best_val_loss
944,301.0,1.94089374542,winered,baselinedet,3,0.5,1.16535305977,best_val_loss
945,274.0,1.96282329559,winered,baselinedet,4,0.5,1.30208849907,best_val_loss
946,143.0,2.46434688568,winered,baselinedet,8,0.5,1.78238832951,best_val_loss
947,186.0,2.10174255371,winered,baselinedet,20,0.5,1.48343455791,best_val_loss
948,554.0,1.40508499146,winered,baselinedet,1,1.0,0.744779467583,best_val_loss
949,116.0,1.60211143494,winered,baselinedet,2,1.0,1.03013908863,best_val_loss
950,505.0,1.62752170563,winered,baselinedet,3,1.0,0.868412554264,best_val_loss
951,159.0,1.73785800934,winered,baselinedet,4,1.0,1.15461337566,best_val_loss
952,173.0,1.70829582214,winered,baselinedet,8,1.0,1.03151547909,best_val_loss
953,350.0,1.57747240067,winered,baselinedet,20,1.0,0.874248683453,best_val_loss
954,612.0,2.19098927325,winered,radialflow,1,0.25,0.695593893528,best_val_loss
955,161.0,1533.37346916,winered,radialflow,2,0.25,0.824372828007,best_val_loss
956,762.0,31.1443937924,winered,radialflow,3,0.25,0.867604672909,best_val_loss
957,817.0,6.45804005754,winered,radialflow,4,0.25,0.918683111668,best_val_loss
958,840.0,6.16945491984,winered,radialflow,8,0.25,0.85173869133,best_val_loss
959,0.0,inf,winered,radialflow,20,0.25,inf,best_val_loss
960,655.0,541.474969422,winered,radialflow,1,0.5,0.885816931725,best_val_loss
961,711.0,inf,winered,radialflow,2,0.5,0.900207877159,best_val_loss
962,444.0,3.26282647823,winered,radialflow,3,0.5,0.807709157467,best_val_loss
963,497.0,1.98935993842,winered,radialflow,4,0.5,0.833666443825,best_val_loss
964,459.0,1.85726056886,winered,radialflow,8,0.5,0.806809008121,best_val_loss
965,0.0,inf,winered,radialflow,20,0.5,inf,best_val_loss
966,430.0,419.093364007,winered,radialflow,1,1.0,0.809672772884,best_val_loss
967,609.0,33.4751758157,winered,radialflow,2,1.0,0.919777333736,best_val_loss
968,381.0,1253.33694883,winered,radialflow,3,1.0,0.850171327591,best_val_loss
969,306.0,2.97119782372,winered,radialflow,4,1.0,0.724791228771,best_val_loss
970,485.0,2.8699195408,winered,radialflow,8,1.0,0.824046850204,best_val_loss
971,0.0,inf,winered,radialflow,20,1.0,inf,best_val_loss
972,548.0,2.97868027226,yacht,mixture,1,0.25,16.6173152924,best_val_loss
973,19.0,20.8556449644,yacht,mixture,2,0.25,24.9124546051,best_val_loss
974,203.0,2468.67652955,yacht,mixture,3,0.25,23.1724472046,best_val_loss
975,370.0,191.456660855,yacht,mixture,4,0.25,22.0117092133,best_val_loss
976,52.0,64.9231769193,yacht,mixture,8,0.25,19.3775177002,best_val_loss
977,125.0,18.0212924096,yacht,mixture,20,0.25,71.5345840454,best_val_loss
978,491.0,3.08469403175,yacht,mixture,1,0.5,23.6522064209,best_val_loss
979,504.0,2.62251054087,yacht,mixture,2,0.5,22.331609726,best_val_loss
980,303.0,8.48143251481,yacht,mixture,3,0.5,24.2715797424,best_val_loss
981,232.0,15.0280904462,yacht,mixture,4,0.5,62.5330352783,best_val_loss
982,187.0,52.7488811862,yacht,mixture,8,0.5,98.4579620361,best_val_loss
983,38.0,858.927474483,yacht,mixture,20,0.5,164.446838379,best_val_loss
984,308.0,2.54020444808,yacht,mixture,1,1.0,19.2673416138,best_val_loss
985,598.0,2.08682537079,yacht,mixture,2,1.0,19.6863269806,best_val_loss
986,391.0,24.2373279448,yacht,mixture,3,1.0,14.3997459412,best_val_loss
987,330.0,8.10425173852,yacht,mixture,4,1.0,19.6251049042,best_val_loss
988,59.0,8.03856019051,yacht,mixture,8,1.0,32.2249526978,best_val_loss
989,148.0,113.650746499,yacht,mixture,20,1.0,148.658721924,best_val_loss
990,391.0,4.01500234296,yacht,baseline,1,0.25,21.8324871063,best_val_loss
991,370.0,2.32641060122,yacht,baseline,2,0.25,23.1511116028,best_val_loss
992,291.0,4.15569920694,yacht,baseline,3,0.25,15.682557106,best_val_loss
993,563.0,2.70993878764,yacht,baseline,4,0.25,21.7752380371,best_val_loss
994,363.0,3.22548195624,yacht,baseline,8,0.25,20.4427986145,best_val_loss
995,57.0,3.37254973381,yacht,baseline,20,0.25,26.9683551788,best_val_loss
996,752.0,1.97068946592,yacht,baseline,1,0.5,17.3147296906,best_val_loss
997,1050.0,2.59428750315,yacht,baseline,2,0.5,18.141954422,best_val_loss
998,280.0,3.34771863876,yacht,baseline,3,0.5,17.2121753693,best_val_loss
999,854.0,2.61065083165,yacht,baseline,4,0.5,25.6763839722,best_val_loss
1000,311.0,4.48937717561,yacht,baseline,8,0.5,19.5658397675,best_val_loss
1001,556.0,2.72949034168,yacht,baseline,20,0.5,17.0956039429,best_val_loss
1002,317.0,2.96777971329,yacht,baseline,1,1.0,18.0963134766,best_val_loss
1003,403.0,2.77636866416,yacht,baseline,2,1.0,21.5542869568,best_val_loss
1004,355.0,2.83980105,yacht,baseline,3,1.0,19.3453826904,best_val_loss
1005,793.0,4.79016064059,yacht,baseline,4,1.0,15.1344356537,best_val_loss
1006,321.0,2.87768640826,yacht,baseline,8,1.0,19.8995418549,best_val_loss
1007,118.0,4.19500609367,yacht,baseline,20,1.0,27.916557312,best_val_loss
1008,442.0,4.4810515373,yacht,planarflowdet,1,0.25,22.3509502411,best_val_loss
1009,209.0,5.67607485863,yacht,planarflowdet,2,0.25,56.4572029114,best_val_loss
1010,52.0,25.4010590584,yacht,planarflowdet,3,0.25,105.777763367,best_val_loss
1011,302.0,4.15222881686,yacht,planarflowdet,4,0.25,41.6473007202,best_val_loss
1012,1182.0,198.142806515,yacht,planarflowdet,8,0.25,305.396087646,best_val_loss
1013,1187.0,1507.32721538,yacht,planarflowdet,20,0.25,2151.25512695,best_val_loss
1014,682.0,2.22974937193,yacht,planarflowdet,1,0.5,15.2663078308,best_val_loss
1015,301.0,11.7437104256,yacht,planarflowdet,2,0.5,88.0765762329,best_val_loss
1016,829.0,3.37564025387,yacht,planarflowdet,3,0.5,27.5666942596,best_val_loss
1017,407.0,32.4192972491,yacht,planarflowdet,4,0.5,40.6967430115,best_val_loss
1018,311.0,6.66201240786,yacht,planarflowdet,8,0.5,104.727607727,best_val_loss
1019,726.0,560.521098475,yacht,planarflowdet,20,0.5,424.715698242,best_val_loss
1020,549.0,2.62871613041,yacht,planarflowdet,1,1.0,13.0806388855,best_val_loss
1021,270.0,3.21416498,yacht,planarflowdet,2,1.0,20.762966156,best_val_loss
1022,402.0,1.99883737872,yacht,planarflowdet,3,1.0,3.89559292793,best_val_loss
1023,380.0,5.41883677821,yacht,planarflowdet,4,1.0,67.1613235474,best_val_loss
1024,422.0,6.21168714954,yacht,planarflowdet,8,1.0,34.0987129211,best_val_loss
1025,316.0,11.866131198,yacht,planarflowdet,20,1.0,34.3971176147,best_val_loss
1026,229.0,0.0479454571201,yacht,baselinedetplus,1,0.25,3.3660941124,best_val_loss
1027,720.0,2.326070724,yacht,baselinedetplus,2,0.25,35.2081718445,best_val_loss
1028,28.0,2.52481472877,yacht,baselinedetplus,3,0.25,45.8265075684,best_val_loss
1029,41.0,2.39667486375,yacht,baselinedetplus,4,0.25,42.760345459,best_val_loss
1030,69.0,2.6751881261,yacht,baselinedetplus,8,0.25,58.4217643738,best_val_loss
1031,31.0,7.30188628166,yacht,baselinedetplus,20,0.25,130.489868164,best_val_loss
1032,121.0,0.520349933255,yacht,baselinedetplus,1,0.5,6.16004085541,best_val_loss
1033,546.0,2.79095212875,yacht,baselinedetplus,2,0.5,27.1082019806,best_val_loss
1034,368.0,4.59507948352,yacht,baselinedetplus,3,0.5,34.9046516418,best_val_loss
1035,75.0,2.02109724475,yacht,baselinedetplus,4,0.5,30.9318771362,best_val_loss
1036,86.0,5.67638520272,yacht,baselinedetplus,8,0.5,97.070854187,best_val_loss
1037,121.0,4.43120648784,yacht,baselinedetplus,20,0.5,77.4757614136,best_val_loss
1038,503.0,-1.01695368367,yacht,baselinedetplus,1,1.0,1.04005384445,best_val_loss
1039,360.0,0.516368804439,yacht,baselinedetplus,2,1.0,6.07769107819,best_val_loss
1040,130.0,0.0304958858798,yacht,baselinedetplus,3,1.0,3.42693018913,best_val_loss
1041,134.0,1.00859402072,yacht,baselinedetplus,4,1.0,10.9399242401,best_val_loss
1042,66.0,1.42112830377,yacht,baselinedetplus,8,1.0,11.7990980148,best_val_loss
1043,48.0,2.44418261128,yacht,baselinedetplus,20,1.0,35.0832748413,best_val_loss
1044,394.0,3.71881251181,yacht,radialflowdet,1,0.25,15.9931402206,best_val_loss
1045,360.0,2.54190568001,yacht,radialflowdet,2,0.25,10.9725780487,best_val_loss
1046,387.0,1.37963479565,yacht,radialflowdet,3,0.25,6.9852809906,best_val_loss
1047,445.0,1.79618552423,yacht,radialflowdet,4,0.25,9.27041816711,best_val_loss
1048,380.0,5.02693090131,yacht,radialflowdet,8,0.25,8.5933265686,best_val_loss
1049,0.0,inf,yacht,radialflowdet,20,0.25,inf,best_val_loss
1050,429.0,0.0298873532203,yacht,radialflowdet,1,0.5,2.32383179665,best_val_loss
1051,107.0,2.06677393759,yacht,radialflowdet,2,0.5,7.53800964355,best_val_loss
1052,219.0,3.37134133616,yacht,radialflowdet,3,0.5,12.2184906006,best_val_loss
1053,565.0,-0.550852068009,yacht,radialflowdet,4,0.5,1.78829312325,best_val_loss
1054,1021.0,0.317698048007,yacht,radialflowdet,8,0.5,2.08388066292,best_val_loss
1055,0.0,inf,yacht,radialflowdet,20,0.5,inf,best_val_loss
1056,363.0,-0.343590028824,yacht,radialflowdet,1,1.0,1.18725550175,best_val_loss
1057,217.0,1.0465958503,yacht,radialflowdet,2,1.0,1.73609936237,best_val_loss
1058,454.0,-0.483129439815,yacht,radialflowdet,3,1.0,1.25812137127,best_val_loss
1059,256.0,0.669301309893,yacht,radialflowdet,4,1.0,1.39175665379,best_val_loss
1060,370.0,0.399730590082,yacht,radialflowdet,8,1.0,1.78931212425,best_val_loss
1061,0.0,inf,yacht,radialflowdet,20,1.0,inf,best_val_loss
1062,437.0,24.6866467384,yacht,baselineplus,1,0.25,18.1281738281,best_val_loss
1063,680.0,2.97689499394,yacht,baselineplus,2,0.25,17.5383777618,best_val_loss
1064,408.0,11.3779146748,yacht,baselineplus,3,0.25,18.7390899658,best_val_loss
1065,334.0,18.5476791628,yacht,baselineplus,4,0.25,20.517074585,best_val_loss
1066,395.0,56.8205952798,yacht,baselineplus,8,0.25,18.1859874725,best_val_loss
1067,240.0,22.5952960599,yacht,baselineplus,20,0.25,90.7129135132,best_val_loss
1068,789.0,3.49540931948,yacht,baselineplus,1,0.5,33.152053833,best_val_loss
1069,442.0,3.56923404817,yacht,baselineplus,2,0.5,37.6979217529,best_val_loss
1070,698.0,16.5055502615,yacht,baselineplus,3,0.5,19.7822856903,best_val_loss
1071,322.0,9.45457138554,yacht,baselineplus,4,0.5,19.3859043121,best_val_loss
1072,1496.0,5.94760107225,yacht,baselineplus,8,0.5,30.893995285,best_val_loss
1073,510.0,17.5741237517,yacht,baselineplus,20,0.5,32.1235923767,best_val_loss
1074,805.0,7.08469747728,yacht,baselineplus,1,1.0,15.8671216965,best_val_loss
1075,922.0,3.64495172808,yacht,baselineplus,2,1.0,17.9132194519,best_val_loss
1076,1007.0,3.70353304955,yacht,baselineplus,3,1.0,17.2100028992,best_val_loss
1077,1143.0,4.79287867392,yacht,baselineplus,4,1.0,18.4910621643,best_val_loss
1078,1606.0,7.18161810598,yacht,baselineplus,8,1.0,17.0154495239,best_val_loss
1079,246.0,32.7907601633,yacht,baselineplus,20,1.0,132.272399902,best_val_loss
1080,45.0,64.5505065918,yacht,planarflow,1,0.25,20.9173316956,best_val_loss
1081,842.0,27.0529123122,yacht,planarflow,2,0.25,20.6095867157,best_val_loss
1082,19.0,7057.62885112,yacht,planarflow,3,0.25,24.4472312927,best_val_loss
1083,82.0,5923.76586557,yacht,planarflow,4,0.25,25.066324234,best_val_loss
1084,438.0,11484.997283,yacht,planarflow,8,0.25,187.39630127,best_val_loss
1085,0.0,inf,yacht,planarflow,20,0.25,inf,best_val_loss
1086,670.0,3.14138584752,yacht,planarflow,1,0.5,22.1579170227,best_val_loss
1087,534.0,5.90576344152,yacht,planarflow,2,0.5,16.9297180176,best_val_loss
1088,578.0,5.16461747692,yacht,planarflow,3,0.5,15.343214035,best_val_loss
1089,603.0,5.21484608804,yacht,planarflow,4,0.5,21.4507198334,best_val_loss
1090,915.0,8.24788739604,yacht,planarflow,8,0.5,15.2852287292,best_val_loss
1091,0.0,inf,yacht,planarflow,20,0.5,inf,best_val_loss
1092,451.0,3.24852863435,yacht,planarflow,1,1.0,17.9151630402,best_val_loss
1093,272.0,6.50571675454,yacht,planarflow,2,1.0,27.3104896545,best_val_loss
1094,543.0,5.85264384362,yacht,planarflow,3,1.0,9.47739028931,best_val_loss
1095,235.0,13.3355456937,yacht,planarflow,4,1.0,12.8648366928,best_val_loss
1096,594.0,5.54916800222,yacht,planarflow,8,1.0,38.549533844,best_val_loss
1097,0.0,inf,yacht,planarflow,20,1.0,inf,best_val_loss
1098,101.0,0.495754026598,yacht,baselinedet,1,0.25,6.43599653244,best_val_loss
1099,604.0,1.10420276273,yacht,baselinedet,2,0.25,11.6176099777,best_val_loss
1100,142.0,0.405281682168,yacht,baselinedet,3,0.25,4.8759431839,best_val_loss
1101,54.0,0.275375827666,yacht,baselinedet,4,0.25,4.77140665054,best_val_loss
1102,138.0,0.160174000648,yacht,baselinedet,8,0.25,3.84522652626,best_val_loss
1103,63.0,0.505094097507,yacht,baselinedet,20,0.25,6.20225477219,best_val_loss
1104,304.0,-0.535925403718,yacht,baselinedet,1,0.5,2.21154332161,best_val_loss
1105,146.0,1.36792792043,yacht,baselinedet,2,0.5,12.3233823776,best_val_loss
1106,118.0,1.38789047733,yacht,baselinedet,3,0.5,10.362490654,best_val_loss
1107,518.0,1.10022772512,yacht,baselinedet,4,0.5,7.48881101608,best_val_loss
1108,490.0,1.95944078507,yacht,baselinedet,8,0.5,11.3553419113,best_val_loss
1109,266.0,0.808592765562,yacht,baselinedet,20,0.5,5.56658935547,best_val_loss
1110,292.0,-0.863266360375,yacht,baselinedet,1,1.0,1.74427127838,best_val_loss
1111,114.0,0.295883394057,yacht,baselinedet,2,1.0,2.71103477478,best_val_loss
1112,334.0,-0.861106811031,yacht,baselinedet,3,1.0,1.61821746826,best_val_loss
1113,322.0,-1.19097518921,yacht,baselinedet,4,1.0,1.24740087986,best_val_loss
1114,494.0,0.105579483894,yacht,baselinedet,8,1.0,3.02276182175,best_val_loss
1115,257.0,0.631555926415,yacht,baselinedet,20,1.0,3.85803604126,best_val_loss
1116,184.0,1142.31237848,yacht,radialflow,1,0.25,143.04296875,best_val_loss
1117,34.0,272.634200096,yacht,radialflow,2,0.25,41.9316253662,best_val_loss
1118,37.0,4579.67769257,yacht,radialflow,3,0.25,28.9429740906,best_val_loss
1119,91.0,17.3062994207,yacht,radialflow,4,0.25,16.7947635651,best_val_loss
1120,1123.0,5.25611086904,yacht,radialflow,8,0.25,19.4741611481,best_val_loss
1121,0.0,inf,yacht,radialflow,20,0.25,inf,best_val_loss
1122,122.0,47.1491254011,yacht,radialflow,1,0.5,54.4087524414,best_val_loss
1123,51.0,37.7959487789,yacht,radialflow,2,0.5,114.035430908,best_val_loss
1124,9.0,96.1541074671,yacht,radialflow,3,0.5,20.021402359,best_val_loss
1125,187.0,10.4954329171,yacht,radialflow,4,0.5,19.0488204956,best_val_loss
1126,425.0,3.16849187804,yacht,radialflow,8,0.5,21.0006065369,best_val_loss
1127,0.0,inf,yacht,radialflow,20,0.5,inf,best_val_loss
1128,26.0,88.0934713161,yacht,radialflow,1,1.0,52.5165138245,best_val_loss
1129,77.0,143.178690585,yacht,radialflow,2,1.0,33.9553031921,best_val_loss
1130,94.0,211.768260439,yacht,radialflow,3,1.0,30.7714996338,best_val_loss
1131,2.0,37.6725420236,yacht,radialflow,4,1.0,28.6627178192,best_val_loss
1132,114.0,3.39905077779,yacht,radialflow,8,1.0,16.6585483551,best_val_loss
1133,0.0,inf,yacht,radialflow,20,1.0,inf,best_val_loss
